policy,block,episode,seed,random_action_seed,score,steps,steps_survived,food_collected,snake_length,steps_since_food,cause_of_death,end_reason,won,terminated,truncated,turn_ratio,episode_reward
Random,500000,1,500000,1500000,0,39,38,0,3,39,wall,wall,False,True,False,0.6153846153846154,-10.38
Random,500000,2,500001,1500000,0,39,38,0,3,39,wall,wall,False,True,False,0.717948717948718,-10.38
Random,500000,3,500002,1500000,0,67,66,0,3,67,wall,wall,False,True,False,0.7313432835820896,-10.66
Random,500000,4,500003,1500000,0,119,118,0,3,119,wall,wall,False,True,False,0.6134453781512605,-11.180000000000001
Random,500000,5,500004,1500000,0,94,93,0,3,94,wall,wall,False,True,False,0.7127659574468085,-10.93
Random,500000,6,500005,1500000,10,74,73,1,4,13,wall,wall,False,True,False,0.5540540540540541,-0.7199999999999971
Random,500000,7,500006,1500000,0,53,52,0,3,53,wall,wall,False,True,False,0.8113207547169812,-10.52
Random,500000,8,500007,1500000,10,138,137,1,4,75,wall,wall,False,True,False,0.717391304347826,-1.3599999999999852
Random,500000,9,500008,1500000,0,81,80,0,3,81,wall,wall,False,True,False,0.6790123456790124,-10.8
Random,500000,10,500009,1500000,0,79,78,0,3,79,wall,wall,False,True,False,0.7468354430379747,-10.780000000000001
Random,500000,11,500010,1500000,0,113,112,0,3,113,wall,wall,False,True,False,0.5486725663716814,-11.120000000000001
Random,500000,12,500011,1500000,0,26,25,0,3,26,wall,wall,False,True,False,0.46153846153846156,-10.25
Random,500000,13,500012,1500000,0,82,81,0,3,82,wall,wall,False,True,False,0.6829268292682927,-10.81
Random,500000,14,500013,1500000,0,56,55,0,3,56,wall,wall,False,True,False,0.6607142857142857,-10.55
Random,500000,15,500014,1500000,0,93,92,0,3,93,wall,wall,False,True,False,0.6989247311827957,-10.92
Random,500000,16,500015,1500000,0,54,53,0,3,54,wall,wall,False,True,False,0.7777777777777778,-10.530000000000001
Random,500000,17,500016,1500000,0,27,26,0,3,27,wall,wall,False,True,False,0.5555555555555556,-10.26
Random,500000,18,500017,1500000,0,44,43,0,3,44,wall,wall,False,True,False,0.6363636363636364,-10.43
Random,500000,19,500018,1500000,0,75,74,0,3,75,wall,wall,False,True,False,0.6533333333333333,-10.74
Random,500000,20,500019,1500000,10,88,87,1,4,39,wall,wall,False,True,False,0.7272727272727273,-0.8599999999999923
Random,500000,21,500020,1500000,0,32,31,0,3,32,wall,wall,False,True,False,0.6875,-10.31
Random,500000,22,500021,1500000,0,67,66,0,3,67,wall,wall,False,True,False,0.6268656716417911,-10.66
Random,500000,23,500022,1500000,0,109,108,0,3,109,wall,wall,False,True,False,0.6238532110091743,-11.08
Random,500000,24,500023,1500000,0,168,167,0,3,168,wall,wall,False,True,False,0.6785714285714286,-11.670000000000002
Random,500000,25,500024,1500000,0,64,63,0,3,64,wall,wall,False,True,False,0.53125,-10.63
Random,500000,26,500025,1500000,0,30,29,0,3,30,wall,wall,False,True,False,0.5666666666666667,-10.290000000000001
Random,500000,27,500026,1500000,0,34,33,0,3,34,wall,wall,False,True,False,0.8529411764705882,-10.33
Random,500000,28,500027,1500000,0,27,26,0,3,27,wall,wall,False,True,False,0.6296296296296297,-10.26
Random,500000,29,500028,1500000,0,35,34,0,3,35,wall,wall,False,True,False,0.6,-10.34
Random,500000,30,500029,1500000,0,318,317,0,3,318,wall,wall,False,True,False,0.7264150943396226,-13.169999999999977
Random,500000,31,500030,1500000,0,29,28,0,3,29,wall,wall,False,True,False,0.6896551724137931,-10.28
Random,500000,32,500031,1500000,0,89,88,0,3,89,wall,wall,False,True,False,0.6179775280898876,-10.88
Random,500000,33,500032,1500000,20,35,34,2,5,19,wall,wall,False,True,False,0.6285714285714286,9.679999999999971
Random,500000,34,500033,1500000,0,55,54,0,3,55,wall,wall,False,True,False,0.509090909090909,-10.540000000000001
Random,500000,35,500034,1500000,0,71,70,0,3,71,wall,wall,False,True,False,0.7323943661971831,-10.700000000000001
Random,500000,36,500035,1500000,0,167,166,0,3,167,wall,wall,False,True,False,0.6706586826347305,-11.660000000000002
Random,500000,37,500036,1500000,0,27,26,0,3,27,wall,wall,False,True,False,0.6296296296296297,-10.26
Random,500000,38,500037,1500000,0,87,86,0,3,87,wall,wall,False,True,False,0.7471264367816092,-10.860000000000001
Random,500000,39,500038,1500000,0,97,96,0,3,97,wall,wall,False,True,False,0.6288659793814433,-10.96
Random,500000,40,500039,1500000,0,38,37,0,3,38,wall,wall,False,True,False,0.7368421052631579,-10.370000000000001
Random,500000,41,500040,1500000,0,31,30,0,3,31,wall,wall,False,True,False,0.6129032258064516,-10.3
Random,500000,42,500041,1500000,0,65,64,0,3,65,wall,wall,False,True,False,0.6461538461538462,-10.64
Random,500000,43,500042,1500000,0,19,18,0,3,19,wall,wall,False,True,False,0.5263157894736842,-10.18
Random,500000,44,500043,1500000,0,56,55,0,3,56,wall,wall,False,True,False,0.6428571428571429,-10.55
Random,500000,45,500044,1500000,0,164,163,0,3,164,wall,wall,False,True,False,0.6646341463414634,-11.63
Random,500000,46,500045,1500000,0,55,54,0,3,55,wall,wall,False,True,False,0.6909090909090909,-10.540000000000001
Random,500000,47,500046,1500000,0,26,25,0,3,26,wall,wall,False,True,False,0.7307692307692307,-10.25
Random,500000,48,500047,1500000,0,80,79,0,3,80,wall,wall,False,True,False,0.5875,-10.790000000000001
Random,500000,49,500048,1500000,0,80,79,0,3,80,wall,wall,False,True,False,0.65,-10.790000000000001
Random,500000,50,500049,1500000,0,66,65,0,3,66,wall,wall,False,True,False,0.6212121212121212,-10.65
Random,500000,51,500050,1500000,0,31,30,0,3,31,wall,wall,False,True,False,0.45161290322580644,-10.3
Random,500000,52,500051,1500000,0,22,21,0,3,22,wall,wall,False,True,False,0.6818181818181818,-10.21
Random,500000,53,500052,1500000,0,42,41,0,3,42,wall,wall,False,True,False,0.6190476190476191,-10.41
Random,500000,54,500053,1500000,0,59,58,0,3,59,wall,wall,False,True,False,0.7457627118644068,-10.58
Random,500000,55,500054,1500000,10,85,84,1,4,11,wall,wall,False,True,False,0.5882352941176471,-0.8299999999999983
Random,500000,56,500055,1500000,0,86,85,0,3,86,wall,wall,False,True,False,0.6162790697674418,-10.850000000000001
Random,500000,57,500056,1500000,0,36,35,0,3,36,wall,wall,False,True,False,0.5555555555555556,-10.35
Random,500000,58,500057,1500000,0,38,37,0,3,38,wall,wall,False,True,False,0.5789473684210527,-10.370000000000001
Random,500000,59,500058,1500000,0,23,22,0,3,23,wall,wall,False,True,False,0.43478260869565216,-10.22
Random,500000,60,500059,1500000,0,34,33,0,3,34,wall,wall,False,True,False,0.6176470588235294,-10.33
Random,500000,61,500060,1500000,0,79,78,0,3,79,wall,wall,False,True,False,0.6708860759493671,-10.780000000000001
Random,500000,62,500061,1500000,0,49,48,0,3,49,wall,wall,False,True,False,0.7142857142857143,-10.48
Random,500000,63,500062,1500000,0,19,18,0,3,19,wall,wall,False,True,False,0.42105263157894735,-10.18
Random,500000,64,500063,1500000,0,108,107,0,3,108,wall,wall,False,True,False,0.5740740740740741,-11.07
Random,500000,65,500064,1500000,0,33,32,0,3,33,wall,wall,False,True,False,0.6060606060606061,-10.32
Random,500000,66,500065,1500000,0,27,26,0,3,27,wall,wall,False,True,False,0.6666666666666666,-10.26
Random,500000,67,500066,1500000,0,158,157,0,3,158,wall,wall,False,True,False,0.6329113924050633,-11.57
Random,500000,68,500067,1500000,0,27,26,0,3,27,wall,wall,False,True,False,0.6666666666666666,-10.26
Random,500000,69,500068,1500000,10,57,56,1,4,54,wall,wall,False,True,False,0.5964912280701754,-0.5499999999999883
Random,500000,70,500069,1500000,0,63,62,0,3,63,wall,wall,False,True,False,0.6349206349206349,-10.620000000000001
Random,500000,71,500070,1500000,0,62,61,0,3,62,wall,wall,False,True,False,0.6129032258064516,-10.61
Random,500000,72,500071,1500000,0,59,58,0,3,59,wall,wall,False,True,False,0.6271186440677966,-10.58
Random,500000,73,500072,1500000,0,90,89,0,3,90,wall,wall,False,True,False,0.6111111111111112,-10.89
Random,500000,74,500073,1500000,0,143,142,0,3,143,wall,wall,False,True,False,0.5944055944055944,-11.420000000000002
Random,500000,75,500074,1500000,0,20,19,0,3,20,wall,wall,False,True,False,0.6,-10.19
Random,500000,76,500075,1500000,0,53,52,0,3,53,wall,wall,False,True,False,0.7358490566037735,-10.52
Random,500000,77,500076,1500000,0,16,15,0,3,16,wall,wall,False,True,False,0.25,-10.15
Random,500000,78,500077,1500000,0,83,82,0,3,83,wall,wall,False,True,False,0.6385542168674698,-10.82
Random,500000,79,500078,1500000,10,93,92,1,4,15,wall,wall,False,True,False,0.6666666666666666,-0.9099999999999966
Random,500000,80,500079,1500000,10,115,114,1,4,6,wall,wall,False,True,False,0.7217391304347827,-1.129999999999999
Random,500000,81,500080,1500000,0,34,33,0,3,34,wall,wall,False,True,False,0.6470588235294118,-10.33
Random,500000,82,500081,1500000,0,38,37,0,3,38,wall,wall,False,True,False,0.6578947368421053,-10.370000000000001
Random,500000,83,500082,1500000,0,37,36,0,3,37,wall,wall,False,True,False,0.7027027027027027,-10.36
Random,500000,84,500083,1500000,0,74,73,0,3,74,wall,wall,False,True,False,0.6891891891891891,-10.73
Random,500000,85,500084,1500000,0,13,12,0,3,13,wall,wall,False,True,False,0.38461538461538464,-10.12
Random,500000,86,500085,1500000,0,67,66,0,3,67,wall,wall,False,True,False,0.6268656716417911,-10.66
Random,500000,87,500086,1500000,10,47,46,1,4,42,wall,wall,False,True,False,0.6595744680851063,-0.4499999999999904
Random,500000,88,500087,1500000,0,46,45,0,3,46,wall,wall,False,True,False,0.6956521739130435,-10.450000000000001
Random,500000,89,500088,1500000,0,37,36,0,3,37,wall,wall,False,True,False,0.7567567567567568,-10.36
Random,500000,90,500089,1500000,0,69,68,0,3,69,wall,wall,False,True,False,0.6376811594202898,-10.68
Random,500000,91,500090,1500000,0,247,246,0,3,247,wall,wall,False,True,False,0.6842105263157895,-12.459999999999992
Random,500000,92,500091,1500000,0,27,26,0,3,27,wall,wall,False,True,False,0.48148148148148145,-10.26
Random,500000,93,500092,1500000,0,39,38,0,3,39,wall,wall,False,True,False,0.5641025641025641,-10.38
Random,500000,94,500093,1500000,0,34,33,0,3,34,wall,wall,False,True,False,0.7647058823529411,-10.33
Random,500000,95,500094,1500000,0,32,31,0,3,32,wall,wall,False,True,False,0.75,-10.31
Random,500000,96,500095,1500000,0,62,61,0,3,62,wall,wall,False,True,False,0.5645161290322581,-10.61
Random,500000,97,500096,1500000,0,59,58,0,3,59,wall,wall,False,True,False,0.6949152542372882,-10.58
Random,500000,98,500097,1500000,0,97,96,0,3,97,wall,wall,False,True,False,0.5979381443298969,-10.96
Random,500000,99,500098,1500000,0,88,87,0,3,88,wall,wall,False,True,False,0.7386363636363636,-10.870000000000001
Random,500000,100,500099,1500000,10,65,64,1,4,3,wall,wall,False,True,False,0.676923076923077,-0.629999999999999
Heuristic,500000,1,500000,,90,143,142,9,12,4,self,self,False,True,False,0.11188811188811189,78.66999999999993
Heuristic,500000,2,500001,,200,292,291,20,23,3,self,self,False,True,False,0.13356164383561644,187.29000000000065
Heuristic,500000,3,500002,,340,502,501,34,37,9,self,self,False,True,False,0.12749003984063745,325.33000000000277
Heuristic,500000,4,500003,,170,250,249,17,20,18,self,self,False,True,False,0.132,157.68000000000023
Heuristic,500000,5,500004,,360,600,599,36,39,29,self,self,False,True,False,0.13166666666666665,344.3700000000035
Heuristic,500000,6,500005,,280,374,373,28,31,25,self,self,False,True,False,0.12032085561497326,266.55000000000143
Heuristic,500000,7,500006,,260,405,404,26,29,13,self,self,False,True,False,0.1259259259259259,246.22000000000145
Heuristic,500000,8,500007,,210,292,291,21,24,4,self,self,False,True,False,0.13356164383561644,197.30000000000092
Heuristic,500000,9,500008,,220,356,355,22,25,9,self,self,False,True,False,0.10674157303370786,206.67000000000087
Heuristic,500000,10,500009,,310,539,538,31,34,17,self,self,False,True,False,0.10760667903525047,294.930000000002
Heuristic,500000,11,500010,,140,148,147,14,17,6,self,self,False,True,False,0.18243243243243243,128.66999999999985
Heuristic,500000,12,500011,,260,383,382,26,29,9,self,self,False,True,False,0.11488250652741515,246.44000000000142
Heuristic,500000,13,500012,,450,733,732,45,48,6,self,self,False,True,False,0.14733969986357434,433.1300000000042
Heuristic,500000,14,500013,,130,165,164,13,16,5,self,self,False,True,False,0.16363636363636364,118.48999999999972
Heuristic,500000,15,500014,,290,421,420,29,32,27,self,self,False,True,False,0.13064133016627077,276.09000000000134
Heuristic,500000,16,500015,,240,334,333,24,27,11,self,self,False,True,False,0.12574850299401197,226.9100000000008
Heuristic,500000,17,500016,,70,75,74,7,10,2,self,self,False,True,False,0.17333333333333334,59.33
Heuristic,500000,18,500017,,430,629,628,43,46,13,self,self,False,True,False,0.12400635930047695,414.1500000000037
Heuristic,500000,19,500018,,480,807,806,48,51,22,self,self,False,True,False,0.12267657992565056,462.420000000005
Heuristic,500000,20,500019,,170,265,264,17,20,8,self,self,False,True,False,0.11320754716981132,157.5300000000003
Heuristic,500000,21,500020,,210,304,303,21,24,9,self,self,False,True,False,0.12828947368421054,197.18000000000058
Heuristic,500000,22,500021,,200,216,215,20,23,5,self,self,False,True,False,0.17592592592592593,188.0500000000003
Heuristic,500000,23,500022,,300,495,494,30,33,21,self,self,False,True,False,0.13333333333333333,285.36000000000246
Heuristic,500000,24,500023,,370,606,605,37,40,4,self,self,False,True,False,0.13861386138613863,354.3200000000033
Heuristic,500000,25,500024,,280,442,441,28,31,21,self,self,False,True,False,0.1244343891402715,265.8700000000014
Heuristic,500000,26,500025,,190,212,211,19,22,16,self,self,False,True,False,0.1650943396226415,178.08000000000033
Heuristic,500000,27,500026,,340,552,551,34,37,7,self,self,False,True,False,0.11775362318840579,324.8300000000028
Heuristic,500000,28,500027,,350,522,521,35,38,28,self,self,False,True,False,0.13218390804597702,335.1400000000028
Heuristic,500000,29,500028,,280,387,386,28,31,15,self,self,False,True,False,0.12661498708010335,266.42000000000183
Heuristic,500000,30,500029,,200,295,294,20,23,3,self,self,False,True,False,0.1288135593220339,187.26000000000056
Heuristic,500000,31,500030,,290,422,421,29,32,23,self,self,False,True,False,0.15165876777251186,276.08000000000186
Heuristic,500000,32,500031,,190,282,281,19,22,16,self,self,False,True,False,0.1773049645390071,177.3800000000008
Heuristic,500000,33,500032,,190,285,284,19,22,13,self,self,False,True,False,0.12631578947368421,177.35000000000042
Heuristic,500000,34,500033,,150,196,195,15,18,3,self,self,False,True,False,0.15816326530612246,138.19999999999993
Heuristic,500000,35,500034,,130,175,174,13,16,5,self,self,False,True,False,0.14857142857142858,118.38999999999976
Heuristic,500000,36,500035,,270,426,425,27,30,6,self,self,False,True,False,0.10328638497652583,256.02000000000174
Heuristic,500000,37,500036,,220,302,301,22,25,16,self,self,False,True,False,0.13245033112582782,207.21000000000086
Heuristic,500000,38,500037,,290,520,519,29,32,25,self,self,False,True,False,0.14038461538461539,275.10000000000235
Heuristic,500000,39,500038,,320,519,518,32,35,19,self,self,False,True,False,0.11753371868978806,305.14000000000243
Heuristic,500000,40,500039,,320,502,501,32,35,11,self,self,False,True,False,0.099601593625498,305.3100000000022
Heuristic,500000,41,500040,,450,877,876,45,48,13,self,self,False,True,False,0.13911060433295325,431.6900000000057
Heuristic,500000,42,500041,,310,413,412,31,34,15,self,self,False,True,False,0.13559322033898305,296.19000000000153
Heuristic,500000,43,500042,,220,281,280,22,25,7,self,self,False,True,False,0.15658362989323843,207.4200000000004
Heuristic,500000,44,500043,,300,473,472,30,33,17,self,self,False,True,False,0.13953488372093023,285.5800000000023
Heuristic,500000,45,500044,,100,134,133,10,13,5,self,self,False,True,False,0.13432835820895522,88.76999999999991
Heuristic,500000,46,500045,,300,449,448,30,33,4,self,self,False,True,False,0.13140311804008908,285.8200000000019
Heuristic,500000,47,500046,,160,274,273,16,19,16,self,self,False,True,False,0.12773722627737227,147.43000000000032
Heuristic,500000,48,500047,,220,354,353,22,25,5,self,self,False,True,False,0.11299435028248588,206.6900000000004
Heuristic,500000,49,500048,,330,552,551,33,36,13,self,self,False,True,False,0.1286231884057971,314.82000000000244
Heuristic,500000,50,500049,,280,432,431,28,31,19,self,self,False,True,False,0.1412037037037037,265.97000000000196
Heuristic,500000,51,500050,,410,732,731,41,44,31,self,self,False,True,False,0.12431693989071038,393.10000000000394
Heuristic,500000,52,500051,,390,633,632,39,42,23,self,self,False,True,False,0.12796208530805686,374.07000000000323
Heuristic,500000,53,500052,,260,380,379,26,29,17,self,self,False,True,False,0.11578947368421053,246.47000000000122
Heuristic,500000,54,500053,,340,498,497,34,37,34,self,self,False,True,False,0.11646586345381527,325.3700000000024
Heuristic,500000,55,500054,,340,465,464,34,37,8,self,self,False,True,False,0.13333333333333333,325.70000000000226
Heuristic,500000,56,500055,,240,317,316,24,27,9,self,self,False,True,False,0.13249211356466878,227.0800000000008
Heuristic,500000,57,500056,,510,708,707,51,54,17,self,self,False,True,False,0.15677966101694915,493.4400000000042
Heuristic,500000,58,500057,,220,369,368,22,25,40,wall,wall,False,True,False,0.17073170731707318,206.5400000000012
Heuristic,500000,59,500058,,140,196,195,14,17,5,self,self,False,True,False,0.12244897959183673,128.18999999999977
Heuristic,500000,60,500059,,250,283,282,25,28,7,self,self,False,True,False,0.18021201413427562,237.43000000000063
Heuristic,500000,61,500060,,200,289,288,20,23,5,wall,wall,False,True,False,0.10726643598615918,187.32000000000068
Heuristic,500000,62,500061,,410,715,714,41,44,26,self,self,False,True,False,0.14125874125874127,393.2700000000047
Heuristic,500000,63,500062,,330,545,544,33,36,13,self,self,False,True,False,0.10825688073394496,314.89000000000215
Heuristic,500000,64,500063,,370,578,577,37,40,11,self,self,False,True,False,0.14359861591695502,354.6000000000024
Heuristic,500000,65,500064,,390,602,601,39,42,40,self,self,False,True,False,0.11794019933554817,374.3800000000033
Heuristic,500000,66,500065,,430,640,639,43,46,7,self,self,False,True,False,0.115625,414.04000000000343
Heuristic,500000,67,500066,,320,449,448,32,35,7,self,self,False,True,False,0.1358574610244989,305.8400000000023
Heuristic,500000,68,500067,,260,382,381,26,29,16,self,self,False,True,False,0.12827225130890052,246.45000000000158
Heuristic,500000,69,500068,,340,542,541,34,37,25,self,self,False,True,False,0.13284132841328414,324.930000000003
Heuristic,500000,70,500069,,150,183,182,15,18,13,self,self,False,True,False,0.15846994535519127,138.32999999999993
Heuristic,500000,71,500070,,470,673,672,47,50,36,self,self,False,True,False,0.1426448736998514,453.750000000004
Heuristic,500000,72,500071,,160,232,231,16,19,15,self,self,False,True,False,0.13793103448275862,147.8500000000002
Heuristic,500000,73,500072,,130,168,167,13,16,7,self,self,False,True,False,0.16071428571428573,118.45999999999981
Heuristic,500000,74,500073,,260,315,314,26,29,25,self,self,False,True,False,0.16507936507936508,247.1200000000013
Heuristic,500000,75,500074,,270,431,430,27,30,5,self,self,False,True,False,0.13225058004640372,255.97000000000202
Heuristic,500000,76,500075,,240,360,359,24,27,16,self,self,False,True,False,0.11388888888888889,226.65000000000123
Heuristic,500000,77,500076,,510,891,890,51,54,21,self,self,False,True,False,0.12345679012345678,491.61000000000536
Heuristic,500000,78,500077,,150,207,206,15,18,13,self,self,False,True,False,0.15458937198067632,138.08999999999992
Heuristic,500000,79,500078,,110,156,155,11,14,5,self,self,False,True,False,0.1346153846153846,98.55999999999982
Heuristic,500000,80,500079,,240,334,333,24,27,21,self,self,False,True,False,0.12574850299401197,226.91000000000116
Heuristic,500000,81,500080,,370,714,713,37,40,25,self,self,False,True,False,0.11204481792717087,353.2400000000041
Heuristic,500000,82,500081,,80,108,107,8,11,7,self,self,False,True,False,0.1388888888888889,69.00999999999989
Heuristic,500000,83,500082,,520,776,775,52,55,33,self,self,False,True,False,0.13015463917525774,502.770000000005
Heuristic,500000,84,500083,,210,310,309,21,24,5,self,self,False,True,False,0.11935483870967742,197.1200000000008
Heuristic,500000,85,500084,,310,480,479,31,34,11,self,self,False,True,False,0.11458333333333333,295.52000000000214
Heuristic,500000,86,500085,,260,402,401,26,29,7,self,self,False,True,False,0.11940298507462686,246.25000000000165
Heuristic,500000,87,500086,,310,454,453,31,34,16,self,self,False,True,False,0.1145374449339207,295.7800000000018
Heuristic,500000,88,500087,,80,108,107,8,11,4,self,self,False,True,False,0.16666666666666666,69.00999999999999
Heuristic,500000,89,500088,,210,296,295,21,24,3,self,self,False,True,False,0.13175675675675674,197.26000000000036
Heuristic,500000,90,500089,,480,893,892,48,51,17,self,self,False,True,False,0.1511758118701008,461.5600000000051
Heuristic,500000,91,500090,,360,560,559,36,39,6,self,self,False,True,False,0.14642857142857144,344.77000000000254
Heuristic,500000,92,500091,,410,557,556,41,44,21,self,self,False,True,False,0.12567324955116696,394.8500000000027
Heuristic,500000,93,500092,,310,485,484,31,34,13,self,self,False,True,False,0.11752577319587629,295.47000000000236
Heuristic,500000,94,500093,,610,1307,1306,61,64,31,self,self,False,True,False,0.1530221882172915,587.5500000000086
Heuristic,500000,95,500094,,210,299,298,21,24,8,self,self,False,True,False,0.14381270903010032,197.23000000000087
Heuristic,500000,96,500095,,320,437,436,32,35,16,wall,wall,False,True,False,0.12356979405034325,305.9600000000019
Heuristic,500000,97,500096,,300,429,428,30,33,5,self,self,False,True,False,0.10955710955710955,286.02000000000123
Heuristic,500000,98,500097,,120,165,164,12,15,7,self,self,False,True,False,0.1393939393939394,108.47999999999966
Heuristic,500000,99,500098,,150,230,229,15,18,13,self,self,False,True,False,0.13043478260869565,137.8599999999999
Heuristic,500000,100,500099,,330,516,515,33,36,24,self,self,False,True,False,0.13372093023255813,315.1800000000027
Classic,500000,1,500000,,150,276,275,15,18,4,self,self,False,True,False,0.605072463768116,137.39999999999964
Classic,500000,2,500001,,390,599,598,39,42,22,self,self,False,True,False,0.6076794657762938,374.4100000000031
Classic,500000,3,500002,,390,655,654,39,42,17,self,self,False,True,False,0.5755725190839694,373.85000000000406
Classic,500000,4,500003,,380,679,678,38,41,9,self,self,False,True,False,0.6509572901325479,363.6000000000034
Classic,500000,5,500004,,170,257,256,17,20,3,self,self,False,True,False,0.6342412451361867,157.6100000000002
Classic,500000,6,500005,,280,393,392,28,31,3,self,self,False,True,False,0.6692111959287532,266.36000000000155
Classic,500000,7,500006,,250,462,461,25,28,33,self,self,False,True,False,0.6428571428571429,235.6400000000011
Classic,500000,8,500007,,210,319,318,21,24,13,self,self,False,True,False,0.6520376175548589,197.030000000001
Classic,500000,9,500008,,330,634,633,33,36,7,self,self,False,True,False,0.5962145110410094,314.00000000000273
Classic,500000,10,500009,,380,797,796,38,41,20,self,self,False,True,False,0.6223337515683814,362.4200000000033
Classic,500000,11,500010,,430,672,671,43,46,20,self,self,False,True,False,0.5788690476190477,413.7200000000043
Classic,500000,12,500011,,500,957,956,50,53,23,self,self,False,True,False,0.6269592476489029,480.9400000000054
Classic,500000,13,500012,,180,256,255,18,21,10,self,self,False,True,False,0.5234375,167.63
Classic,500000,14,500013,,390,640,639,39,42,32,self,self,False,True,False,0.6078125,374.00000000000335
Classic,500000,15,500014,,430,757,756,43,46,34,self,self,False,True,False,0.6565389696169088,412.8700000000042
Classic,500000,16,500015,,250,453,452,25,28,17,self,self,False,True,False,0.6313465783664459,235.73000000000155
Classic,500000,17,500016,,360,664,663,36,39,7,self,self,False,True,False,0.5572289156626506,343.73000000000246
Classic,500000,18,500017,,320,529,528,32,35,6,self,self,False,True,False,0.5463137996219282,305.0400000000019
Classic,500000,19,500018,,260,510,509,26,29,16,self,self,False,True,False,0.6509803921568628,245.170000000002
Classic,500000,20,500019,,200,283,282,20,23,8,wall,wall,False,True,False,0.6148409893992933,187.3800000000004
Classic,500000,21,500020,,260,403,402,26,29,7,self,self,False,True,False,0.6501240694789082,246.24000000000098
Classic,500000,22,500021,,220,285,284,22,25,4,self,self,False,True,False,0.6105263157894737,207.38000000000068
Classic,500000,23,500022,,220,356,355,22,25,7,self,self,False,True,False,0.6432584269662921,206.67000000000075
Classic,500000,24,500023,,160,241,240,16,19,1,self,self,False,True,False,0.5933609958506224,147.75999999999985
Classic,500000,25,500024,,230,399,398,23,26,9,self,self,False,True,False,0.556390977443609,216.25000000000045
Classic,500000,26,500025,,160,185,184,16,19,9,self,self,False,True,False,0.6270270270270271,148.32000000000005
Classic,500000,27,500026,,410,687,686,41,44,3,self,self,False,True,False,0.5560407569141194,393.5500000000033
Classic,500000,28,500027,,350,641,640,35,38,28,self,self,False,True,False,0.6271450858034321,333.9500000000036
Classic,500000,29,500028,,480,879,878,48,51,21,self,self,False,True,False,0.6325369738339022,461.7000000000059
Classic,500000,30,500029,,180,292,291,18,21,8,self,self,False,True,False,0.6061643835616438,167.2700000000002
Classic,500000,31,500030,,270,439,438,27,30,4,self,self,False,True,False,0.5990888382687927,255.89000000000124
Classic,500000,32,500031,,440,749,748,44,47,22,self,self,False,True,False,0.630173564753004,422.96000000000475
Classic,500000,33,500032,,400,783,782,40,43,37,self,self,False,True,False,0.6079182630906769,382.5800000000047
Classic,500000,34,500033,,300,527,526,30,33,11,self,self,False,True,False,0.5635673624288425,285.0400000000022
Classic,500000,35,500034,,380,600,599,38,41,9,self,self,False,True,False,0.5966666666666667,364.3900000000032
Classic,500000,36,500035,,300,586,585,30,33,18,self,self,False,True,False,0.6382252559726962,284.4500000000026
Classic,500000,37,500036,,350,513,512,35,38,9,self,self,False,True,False,0.6744639376218323,335.23000000000246
Classic,500000,38,500037,,290,527,526,29,32,21,self,self,False,True,False,0.6129032258064516,275.03000000000236
Classic,500000,39,500038,,270,442,441,27,30,18,self,self,False,True,False,0.5656108597285068,255.86000000000166
Classic,500000,40,500039,,280,532,531,28,31,4,self,self,False,True,False,0.6353383458646616,264.9700000000016
Classic,500000,41,500040,,200,349,348,20,23,19,self,self,False,True,False,0.6905444126074498,186.7200000000003
Classic,500000,42,500041,,20,51,50,2,5,4,wall,wall,False,True,False,0.6274509803921569,9.52
Classic,500000,43,500042,,230,365,364,23,26,26,self,self,False,True,False,0.6328767123287671,216.5900000000005
Classic,500000,44,500043,,120,168,167,12,15,15,self,self,False,True,False,0.6845238095238095,108.44999999999963
Classic,500000,45,500044,,550,933,932,55,58,7,self,self,False,True,False,0.5927116827438371,531.2300000000062
Classic,500000,46,500045,,130,205,204,13,16,3,self,self,False,True,False,0.5560975609756098,118.08999999999955
Classic,500000,47,500046,,190,346,345,19,22,5,self,self,False,True,False,0.6473988439306358,176.74000000000012
Classic,500000,48,500047,,310,629,628,31,34,28,self,self,False,True,False,0.5930047694753577,294.03000000000253
Classic,500000,49,500048,,350,683,682,35,38,15,self,self,False,True,False,0.6456808199121523,333.53000000000293
Classic,500000,50,500049,,370,596,595,37,40,5,self,self,False,True,False,0.6493288590604027,354.4200000000025
Classic,500000,51,500050,,420,717,716,42,45,24,self,self,False,True,False,0.6178521617852162,403.26000000000363
Classic,500000,52,500051,,200,277,276,20,23,5,self,self,False,True,False,0.6750902527075813,187.4400000000008
Classic,500000,53,500052,,340,591,590,34,37,21,self,self,False,True,False,0.6040609137055838,324.4400000000026
Classic,500000,54,500053,,220,393,392,22,25,74,self,self,False,True,False,0.6590330788804071,206.30000000000118
Classic,500000,55,500054,,60,148,147,6,9,76,self,self,False,True,False,0.6216216216216216,48.59000000000021
Classic,500000,56,500055,,250,361,360,25,28,3,self,self,False,True,False,0.628808864265928,236.65000000000046
Classic,500000,57,500056,,240,399,398,24,27,24,self,self,False,True,False,0.5914786967418546,226.260000000001
Classic,500000,58,500057,,120,190,189,12,15,4,wall,wall,False,True,False,0.6684210526315789,108.22999999999963
Classic,500000,59,500058,,340,590,589,34,37,5,self,self,False,True,False,0.6271186440677966,324.4500000000029
Classic,500000,60,500059,,250,327,326,25,28,6,self,self,False,True,False,0.6697247706422018,236.99000000000066
Classic,500000,61,500060,,200,399,398,20,23,19,self,self,False,True,False,0.6942355889724311,186.22000000000057
Classic,500000,62,500061,,140,200,199,14,17,2,self,self,False,True,False,0.67,128.1499999999998
Classic,500000,63,500062,,430,867,866,43,46,6,self,self,False,True,False,0.6251441753171857,411.77000000000373
Classic,500000,64,500063,,300,473,472,30,33,16,self,self,False,True,False,0.642706131078224,285.58000000000175
Classic,500000,65,500064,,330,554,553,33,36,9,self,self,False,True,False,0.5938628158844765,314.80000000000274
Classic,500000,66,500065,,180,288,287,18,21,9,self,self,False,True,False,0.5520833333333334,167.3099999999999
Classic,500000,67,500066,,460,836,835,46,49,35,self,self,False,True,False,0.6375598086124402,442.1100000000042
Classic,500000,68,500067,,430,730,729,43,46,25,self,self,False,True,False,0.6095890410958904,413.1400000000044
Classic,500000,69,500068,,270,570,569,27,30,7,self,self,False,True,False,0.6473684210526316,254.5800000000031
Classic,500000,70,500069,,330,533,532,33,36,11,self,self,False,True,False,0.649155722326454,315.01000000000204
Classic,500000,71,500070,,270,380,379,27,30,17,self,self,False,True,False,0.631578947368421,256.48000000000127
Classic,500000,72,500071,,350,494,493,35,38,9,self,self,False,True,False,0.6417004048582996,335.4200000000023
Classic,500000,73,500072,,270,397,396,27,30,18,self,self,False,True,False,0.6297229219143576,256.31000000000154
Classic,500000,74,500073,,290,441,440,29,32,1,wall,wall,False,True,False,0.6394557823129252,275.8900000000023
Classic,500000,75,500074,,360,648,647,36,39,10,self,self,False,True,False,0.6064814814814815,343.8900000000035
Classic,500000,76,500075,,360,701,700,36,39,9,self,self,False,True,False,0.5820256776034237,343.36000000000365
Classic,500000,77,500076,,180,301,300,18,21,34,self,self,False,True,False,0.5514950166112956,167.1800000000006
Classic,500000,78,500077,,200,313,312,20,23,10,wall,wall,False,True,False,0.6517571884984026,187.08000000000084
Classic,500000,79,500078,,330,570,569,33,36,7,self,self,False,True,False,0.6228070175438597,314.64000000000215
Classic,500000,80,500079,,220,289,288,22,25,1,wall,wall,False,True,False,0.671280276816609,207.34000000000083
Classic,500000,81,500080,,520,1144,1143,52,55,2,self,self,False,True,False,0.5524475524475524,499.09000000000674
Classic,500000,82,500081,,340,537,536,34,37,15,self,self,False,True,False,0.6554934823091247,324.98000000000206
Classic,500000,83,500082,,390,709,708,39,42,15,self,self,False,True,False,0.5796897038081805,373.3100000000045
Classic,500000,84,500083,,480,885,884,48,51,29,self,self,False,True,False,0.6350282485875707,461.6400000000046
Classic,500000,85,500084,,300,503,502,30,33,6,self,self,False,True,False,0.5984095427435387,285.280000000002
Classic,500000,86,500085,,340,570,569,34,37,7,self,self,False,True,False,0.631578947368421,324.6500000000028
Classic,500000,87,500086,,290,459,458,29,32,7,self,self,False,True,False,0.6557734204793029,275.71000000000134
Classic,500000,88,500087,,220,372,371,22,25,1,wall,wall,False,True,False,0.6182795698924731,206.51000000000124
Classic,500000,89,500088,,180,287,286,18,21,1,self,self,False,True,False,0.5958188153310104,167.32
Classic,500000,90,500089,,220,396,395,22,25,7,self,self,False,True,False,0.5732323232323232,206.27000000000035
Classic,500000,91,500090,,200,288,287,20,23,20,self,self,False,True,False,0.6388888888888888,187.33000000000038
Classic,500000,92,500091,,200,292,291,20,23,18,wall,wall,False,True,False,0.613013698630137,187.2900000000002
Classic,500000,93,500092,,260,479,478,26,29,12,self,self,False,True,False,0.6722338204592901,245.48000000000138
Classic,500000,94,500093,,360,767,766,36,39,4,wall,wall,False,True,False,0.5919165580182529,342.7000000000037
Classic,500000,95,500094,,200,327,326,20,23,9,self,self,False,True,False,0.5015290519877675,186.9400000000004
Classic,500000,96,500095,,240,409,408,24,27,6,self,self,False,True,False,0.6259168704156479,226.1600000000008
Classic,500000,97,500096,,250,391,390,25,28,1,self,self,False,True,False,0.618925831202046,236.35000000000056
Classic,500000,98,500097,,250,448,447,25,28,9,self,self,False,True,False,0.5870535714285714,235.78000000000105
Classic,500000,99,500098,,260,451,450,26,29,16,self,self,False,True,False,0.6784922394678492,245.760000000001
Classic,500000,100,500099,,160,258,257,16,19,13,self,self,False,True,False,0.5968992248062015,147.59000000000037
Strategy,500000,1,500000,,480,883,882,48,51,15,self,self,False,True,False,0.41676104190260477,461.6600000000051
Strategy,500000,2,500001,,250,378,377,25,28,17,self,self,False,True,False,0.43915343915343913,236.4800000000014
Strategy,500000,3,500002,,580,970,969,58,61,27,self,self,False,True,False,0.40824742268041236,560.8900000000069
Strategy,500000,4,500003,,230,347,346,23,26,3,self,self,False,True,False,0.3919308357348703,216.77000000000095
Strategy,500000,5,500004,,170,225,224,17,20,3,self,self,False,True,False,0.39555555555555555,157.93000000000012
Strategy,500000,6,500005,,230,294,293,23,26,23,self,self,False,True,False,0.445578231292517,217.30000000000084
Strategy,500000,7,500006,,240,326,325,24,27,3,self,self,False,True,False,0.4294478527607362,226.99000000000086
Strategy,500000,8,500007,,320,534,533,32,35,9,self,self,False,True,False,0.449438202247191,304.990000000003
Strategy,500000,9,500008,,160,275,274,16,19,3,self,self,False,True,False,0.36363636363636365,147.41999999999985
Strategy,500000,10,500009,,470,823,822,47,50,21,self,self,False,True,False,0.3669501822600243,452.2500000000042
Strategy,500000,11,500010,,140,182,181,14,17,10,self,self,False,True,False,0.521978021978022,128.33000000000007
Strategy,500000,12,500011,,370,595,594,37,40,15,self,self,False,True,False,0.4084033613445378,354.43000000000285
Strategy,500000,13,500012,,330,510,509,33,36,11,self,self,False,True,False,0.396078431372549,315.2400000000023
Strategy,500000,14,500013,,130,167,166,13,16,2,self,self,False,True,False,0.40718562874251496,118.46999999999969
Strategy,500000,15,500014,,350,555,554,35,38,6,self,self,False,True,False,0.43423423423423424,334.81000000000233
Strategy,500000,16,500015,,250,404,403,25,28,26,self,self,False,True,False,0.4282178217821782,236.2200000000014
Strategy,500000,17,500016,,300,467,466,30,33,23,self,self,False,True,False,0.3961456102783726,285.64000000000215
Strategy,500000,18,500017,,210,312,311,21,24,14,self,self,False,True,False,0.3782051282051282,197.10000000000062
Strategy,500000,19,500018,,290,509,508,29,32,13,self,self,False,True,False,0.36345776031434185,275.2100000000025
Strategy,500000,20,500019,,420,594,593,42,45,10,self,self,False,True,False,0.3686868686868687,404.49000000000314
Strategy,500000,21,500020,,670,1389,1388,67,70,18,self,self,False,True,False,0.4118070554355652,646.7900000000096
Strategy,500000,22,500021,,220,253,252,22,25,1,self,self,False,True,False,0.47035573122529645,207.7000000000005
Strategy,500000,23,500022,,80,104,103,8,11,3,self,self,False,True,False,0.4519230769230769,69.05000000000003
Strategy,500000,24,500023,,240,422,421,24,27,11,self,self,False,True,False,0.4146919431279621,226.03000000000145
Strategy,500000,25,500024,,320,515,514,32,35,13,self,self,False,True,False,0.37087378640776697,305.1800000000022
Strategy,500000,26,500025,,430,621,620,43,46,8,self,self,False,True,False,0.4106280193236715,414.2300000000038
Strategy,500000,27,500026,,230,379,378,23,26,6,self,self,False,True,False,0.40633245382585753,216.45000000000127
Strategy,500000,28,500027,,370,552,551,37,40,27,self,self,False,True,False,0.4057971014492754,354.86000000000297
Strategy,500000,29,500028,,320,555,554,32,35,15,self,self,False,True,False,0.3837837837837838,304.78000000000304
Strategy,500000,30,500029,,340,597,596,34,37,9,self,self,False,True,False,0.3685092127303183,324.38000000000284
Strategy,500000,31,500030,,400,621,620,40,43,24,self,self,False,True,False,0.4331723027375201,384.20000000000346
Strategy,500000,32,500031,,220,294,293,22,25,7,self,self,False,True,False,0.4557823129251701,207.290000000001
Strategy,500000,33,500032,,200,258,257,20,23,2,self,self,False,True,False,0.4263565891472868,187.6300000000004
Strategy,500000,34,500033,,420,654,653,42,45,6,self,self,False,True,False,0.4036697247706422,403.89000000000374
Strategy,500000,35,500034,,440,752,751,44,47,12,self,self,False,True,False,0.37367021276595747,422.93000000000467
Strategy,500000,36,500035,,260,424,423,26,29,7,self,self,False,True,False,0.3632075471698113,246.03000000000145
Strategy,500000,37,500036,,260,393,392,26,29,18,self,self,False,True,False,0.4402035623409669,246.34000000000145
Strategy,500000,38,500037,,70,74,73,7,10,1,self,self,False,True,False,0.44594594594594594,59.34000000000003
Strategy,500000,39,500038,,530,916,915,53,56,20,self,self,False,True,False,0.38100436681222705,511.3800000000058
Strategy,500000,40,500039,,200,336,335,20,23,1,self,self,False,True,False,0.37797619047619047,186.85000000000025
Strategy,500000,41,500040,,210,302,301,21,24,9,self,self,False,True,False,0.4735099337748344,197.20000000000059
Strategy,500000,42,500041,,310,421,420,31,34,3,self,self,False,True,False,0.46318289786223277,296.1100000000016
Strategy,500000,43,500042,,330,465,464,33,36,13,self,self,False,True,False,0.3978494623655914,315.69000000000193
Strategy,500000,44,500043,,270,384,383,27,30,11,self,self,False,True,False,0.4427083333333333,256.44000000000176
Strategy,500000,45,500044,,350,518,517,35,38,1,self,self,False,True,False,0.41505791505791506,335.18000000000274
Strategy,500000,46,500045,,420,619,618,42,45,3,self,self,False,True,False,0.41518578352180935,404.2400000000032
Strategy,500000,47,500046,,180,306,305,18,21,10,wall,wall,False,True,False,0.43137254901960786,167.1300000000001
Strategy,500000,48,500047,,380,682,681,38,41,1,wall,wall,False,True,False,0.33284457478005863,363.5700000000034
Strategy,500000,49,500048,,510,867,866,51,54,18,self,self,False,True,False,0.37946943483275664,491.85000000000514
Strategy,500000,50,500049,,270,440,439,27,30,33,wall,wall,False,True,False,0.4340909090909091,255.88000000000181
Strategy,500000,51,500050,,20,30,29,2,5,1,self,self,False,True,False,0.5,9.730000000000004
Strategy,500000,52,500051,,110,127,126,11,14,3,self,self,False,True,False,0.48031496062992124,98.84999999999982
Strategy,500000,53,500052,,160,270,269,16,19,7,self,self,False,True,False,0.42962962962962964,147.47000000000023
Strategy,500000,54,500053,,420,680,679,42,45,23,self,self,False,True,False,0.425,403.6300000000041
Strategy,500000,55,500054,,340,545,544,34,37,10,self,self,False,True,False,0.3541284403669725,324.90000000000293
Strategy,500000,56,500055,,260,395,394,26,29,3,self,self,False,True,False,0.4835443037974684,246.3200000000009
Strategy,500000,57,500056,,220,329,328,22,25,7,self,self,False,True,False,0.41033434650455924,206.94000000000085
Strategy,500000,58,500057,,310,454,453,31,34,15,self,self,False,True,False,0.3634361233480176,295.7800000000017
Strategy,500000,59,500058,,360,504,503,36,39,5,self,self,False,True,False,0.4107142857142857,345.33000000000214
Strategy,500000,60,500059,,460,606,605,46,49,9,self,self,False,True,False,0.429042904290429,444.4100000000033
Strategy,500000,61,500060,,150,222,221,15,18,1,self,self,False,True,False,0.3963963963963964,137.93999999999988
Strategy,500000,62,500061,,340,555,554,34,37,18,self,self,False,True,False,0.37657657657657656,324.80000000000314
Strategy,500000,63,500062,,80,137,136,8,11,1,wall,wall,False,True,False,0.39416058394160586,68.71999999999994
Strategy,500000,64,500063,,280,367,366,28,31,8,self,self,False,True,False,0.40599455040871935,266.62000000000126
Strategy,500000,65,500064,,320,574,573,32,35,23,self,self,False,True,False,0.3989547038327526,304.59000000000253
Strategy,500000,66,500065,,240,347,346,24,27,12,self,self,False,True,False,0.37175792507204614,226.78000000000083
Strategy,500000,67,500066,,200,250,249,20,23,5,self,self,False,True,False,0.432,187.71000000000055
Strategy,500000,68,500067,,320,546,545,32,35,17,self,self,False,True,False,0.39377289377289376,304.87000000000296
Strategy,500000,69,500068,,290,420,419,29,32,3,self,self,False,True,False,0.3976190476190476,276.10000000000196
Strategy,500000,70,500069,,320,438,437,32,35,12,self,self,False,True,False,0.4063926940639269,305.9500000000019
Strategy,500000,71,500070,,390,536,535,39,42,5,self,self,False,True,False,0.38992537313432835,375.04000000000246
Strategy,500000,72,500071,,260,362,361,26,29,1,self,self,False,True,False,0.39779005524861877,246.65000000000134
Strategy,500000,73,500072,,230,336,335,23,26,2,self,self,False,True,False,0.4732142857142857,216.88000000000113
Strategy,500000,74,500073,,600,912,911,60,63,7,self,self,False,True,False,0.3980263157894737,581.4900000000064
Strategy,500000,75,500074,,440,835,834,44,47,9,self,self,False,True,False,0.3568862275449102,422.1000000000054
Strategy,500000,76,500075,,420,622,621,42,45,15,self,self,False,True,False,0.3778135048231511,404.2100000000033
Strategy,500000,77,500076,,260,417,416,26,29,26,self,self,False,True,False,0.45323741007194246,246.10000000000173
Strategy,500000,78,500077,,140,179,178,14,17,5,self,self,False,True,False,0.4301675977653631,128.35999999999973
Strategy,500000,79,500078,,140,223,222,14,17,20,self,self,False,True,False,0.3901345291479821,127.92000000000002
Strategy,500000,80,500079,,290,403,402,29,32,3,self,self,False,True,False,0.4094292803970223,276.2700000000017
Strategy,500000,81,500080,,340,626,625,34,37,1,self,self,False,True,False,0.3706070287539936,324.09000000000333
Strategy,500000,82,500081,,200,280,279,20,23,6,self,self,False,True,False,0.3821428571428571,187.4100000000001
Strategy,500000,83,500082,,280,389,388,28,31,12,self,self,False,True,False,0.42930591259640105,266.4000000000016
Strategy,500000,84,500083,,230,368,367,23,26,9,self,self,False,True,False,0.391304347826087,216.56000000000114
Strategy,500000,85,500084,,220,344,343,22,25,8,self,self,False,True,False,0.375,206.790000000001
Strategy,500000,86,500085,,390,647,646,39,42,27,self,self,False,True,False,0.38639876352395675,373.9300000000038
Strategy,500000,87,500086,,250,362,361,25,28,7,self,self,False,True,False,0.3674033149171271,236.6400000000009
Strategy,500000,88,500087,,370,571,570,37,40,6,self,self,False,True,False,0.3975481611208406,354.6700000000032
Strategy,500000,89,500088,,220,332,331,22,25,4,self,self,False,True,False,0.4066265060240964,206.91000000000068
Strategy,500000,90,500089,,310,555,554,31,34,8,self,self,False,True,False,0.34774774774774775,294.770000000002
Strategy,500000,91,500090,,340,496,495,34,37,18,self,self,False,True,False,0.4032258064516129,325.39000000000254
Strategy,500000,92,500091,,410,681,680,41,44,19,self,self,False,True,False,0.4111600587371512,393.6100000000037
Strategy,500000,93,500092,,410,708,707,41,44,2,self,self,False,True,False,0.4406779661016949,393.3400000000039
Strategy,500000,94,500093,,170,298,297,17,20,1,self,self,False,True,False,0.32550335570469796,157.1999999999997
Strategy,500000,95,500094,,320,543,542,32,35,16,self,self,False,True,False,0.32044198895027626,304.90000000000265
Strategy,500000,96,500095,,330,470,469,33,36,10,wall,wall,False,True,False,0.44042553191489364,315.640000000002
Strategy,500000,97,500096,,60,68,67,6,9,1,self,self,False,True,False,0.5441176470588235,49.39000000000002
Strategy,500000,98,500097,,270,399,398,27,30,5,self,self,False,True,False,0.3634085213032581,256.2900000000014
Strategy,500000,99,500098,,330,556,555,33,36,2,wall,wall,False,True,False,0.4136690647482014,314.7800000000021
Strategy,500000,100,500099,,370,627,626,37,40,34,wall,wall,False,True,False,0.3413078149920255,354.11000000000365
Random,501000,1,501000,1501000,0,55,54,0,3,55,wall,wall,False,True,False,0.6909090909090909,-10.540000000000001
Random,501000,2,501001,1501000,0,243,242,0,3,243,wall,wall,False,True,False,0.7283950617283951,-12.419999999999993
Random,501000,3,501002,1501000,10,42,41,1,4,37,wall,wall,False,True,False,0.6904761904761905,-0.3999999999999915
Random,501000,4,501003,1501000,0,124,123,0,3,124,wall,wall,False,True,False,0.6451612903225806,-11.23
Random,501000,5,501004,1501000,0,173,172,0,3,173,wall,wall,False,True,False,0.6763005780346821,-11.72
Random,501000,6,501005,1501000,0,29,28,0,3,29,wall,wall,False,True,False,0.6551724137931034,-10.28
Random,501000,7,501006,1501000,0,57,56,0,3,57,wall,wall,False,True,False,0.6666666666666666,-10.56
Random,501000,8,501007,1501000,0,77,76,0,3,77,wall,wall,False,True,False,0.7142857142857143,-10.76
Random,501000,9,501008,1501000,0,54,53,0,3,54,wall,wall,False,True,False,0.5740740740740741,-10.530000000000001
Random,501000,10,501009,1501000,0,57,56,0,3,57,wall,wall,False,True,False,0.7543859649122807,-10.56
Random,501000,11,501010,1501000,0,116,115,0,3,116,wall,wall,False,True,False,0.6120689655172413,-11.15
Random,501000,12,501011,1501000,0,44,43,0,3,44,wall,wall,False,True,False,0.7727272727272727,-10.43
Random,501000,13,501012,1501000,0,37,36,0,3,37,wall,wall,False,True,False,0.5405405405405406,-10.36
Random,501000,14,501013,1501000,0,98,97,0,3,98,wall,wall,False,True,False,0.6326530612244898,-10.97
Random,501000,15,501014,1501000,0,74,73,0,3,74,wall,wall,False,True,False,0.6351351351351351,-10.73
Random,501000,16,501015,1501000,20,14,13,2,5,5,self,self,False,True,False,0.7142857142857143,9.889999999999993
Random,501000,17,501016,1501000,0,31,30,0,3,31,wall,wall,False,True,False,0.6451612903225806,-10.3
Random,501000,18,501017,1501000,0,36,35,0,3,36,wall,wall,False,True,False,0.5833333333333334,-10.35
Random,501000,19,501018,1501000,0,261,260,0,3,261,wall,wall,False,True,False,0.7126436781609196,-12.599999999999989
Random,501000,20,501019,1501000,0,27,26,0,3,27,wall,wall,False,True,False,0.6296296296296297,-10.26
Random,501000,21,501020,1501000,10,223,222,1,4,64,wall,wall,False,True,False,0.6816143497757847,-2.2099999999999884
Random,501000,22,501021,1501000,0,35,34,0,3,35,wall,wall,False,True,False,0.4857142857142857,-10.34
Random,501000,23,501022,1501000,0,136,135,0,3,136,wall,wall,False,True,False,0.6102941176470589,-11.350000000000001
Random,501000,24,501023,1501000,0,208,207,0,3,208,wall,wall,False,True,False,0.7163461538461539,-12.07
Random,501000,25,501024,1501000,0,75,74,0,3,75,wall,wall,False,True,False,0.68,-10.74
Random,501000,26,501025,1501000,0,154,153,0,3,154,wall,wall,False,True,False,0.7402597402597403,-11.530000000000001
Random,501000,27,501026,1501000,0,28,27,0,3,28,wall,wall,False,True,False,0.5357142857142857,-10.27
Random,501000,28,501027,1501000,0,21,20,0,3,21,wall,wall,False,True,False,0.5714285714285714,-10.2
Random,501000,29,501028,1501000,0,74,73,0,3,74,wall,wall,False,True,False,0.7297297297297297,-10.73
Random,501000,30,501029,1501000,0,59,58,0,3,59,wall,wall,False,True,False,0.711864406779661,-10.58
Random,501000,31,501030,1501000,0,70,69,0,3,70,wall,wall,False,True,False,0.6428571428571429,-10.690000000000001
Random,501000,32,501031,1501000,0,41,40,0,3,41,wall,wall,False,True,False,0.6097560975609756,-10.4
Random,501000,33,501032,1501000,0,55,54,0,3,55,wall,wall,False,True,False,0.7272727272727273,-10.540000000000001
Random,501000,34,501033,1501000,10,53,52,1,4,30,wall,wall,False,True,False,0.7169811320754716,-0.5099999999999945
Random,501000,35,501034,1501000,0,34,33,0,3,34,wall,wall,False,True,False,0.5588235294117647,-10.33
Random,501000,36,501035,1501000,0,32,31,0,3,32,wall,wall,False,True,False,0.59375,-10.31
Random,501000,37,501036,1501000,0,33,32,0,3,33,wall,wall,False,True,False,0.7272727272727273,-10.32
Random,501000,38,501037,1501000,0,171,170,0,3,171,wall,wall,False,True,False,0.7309941520467836,-11.700000000000001
Random,501000,39,501038,1501000,20,144,143,2,5,11,self,self,False,True,False,0.6736111111111112,8.59000000000001
Random,501000,40,501039,1501000,0,62,61,0,3,62,wall,wall,False,True,False,0.6451612903225806,-10.61
Random,501000,41,501040,1501000,0,86,85,0,3,86,wall,wall,False,True,False,0.7209302325581395,-10.850000000000001
Random,501000,42,501041,1501000,10,34,33,1,4,25,wall,wall,False,True,False,0.5882352941176471,-0.31999999999999496
Random,501000,43,501042,1501000,0,51,50,0,3,51,wall,wall,False,True,False,0.6470588235294118,-10.5
Random,501000,44,501043,1501000,0,23,22,0,3,23,wall,wall,False,True,False,0.6956521739130435,-10.22
Random,501000,45,501044,1501000,10,18,17,1,4,5,wall,wall,False,True,False,0.6666666666666666,-0.15999999999999837
Random,501000,46,501045,1501000,0,66,65,0,3,66,wall,wall,False,True,False,0.6212121212121212,-10.65
Random,501000,47,501046,1501000,0,64,63,0,3,64,wall,wall,False,True,False,0.703125,-10.63
Random,501000,48,501047,1501000,0,17,16,0,3,17,wall,wall,False,True,False,0.6470588235294118,-10.16
Random,501000,49,501048,1501000,0,90,89,0,3,90,wall,wall,False,True,False,0.6222222222222222,-10.89
Random,501000,50,501049,1501000,0,74,73,0,3,74,wall,wall,False,True,False,0.5945945945945946,-10.73
Random,501000,51,501050,1501000,0,108,107,0,3,108,wall,wall,False,True,False,0.6481481481481481,-11.07
Random,501000,52,501051,1501000,0,110,109,0,3,110,wall,wall,False,True,False,0.6636363636363637,-11.09
Random,501000,53,501052,1501000,0,29,28,0,3,29,wall,wall,False,True,False,0.7586206896551724,-10.28
Random,501000,54,501053,1501000,0,156,155,0,3,156,wall,wall,False,True,False,0.6730769230769231,-11.55
Random,501000,55,501054,1501000,0,40,39,0,3,40,wall,wall,False,True,False,0.625,-10.39
Random,501000,56,501055,1501000,0,72,71,0,3,72,wall,wall,False,True,False,0.6111111111111112,-10.71
Random,501000,57,501056,1501000,0,62,61,0,3,62,wall,wall,False,True,False,0.7903225806451613,-10.61
Random,501000,58,501057,1501000,10,68,67,1,4,13,wall,wall,False,True,False,0.6617647058823529,-0.6599999999999984
Random,501000,59,501058,1501000,0,19,18,0,3,19,wall,wall,False,True,False,0.3684210526315789,-10.18
Random,501000,60,501059,1501000,10,136,135,1,4,101,wall,wall,False,True,False,0.6397058823529411,-1.3399999999999785
Random,501000,61,501060,1501000,0,62,61,0,3,62,wall,wall,False,True,False,0.6290322580645161,-10.61
Random,501000,62,501061,1501000,0,115,114,0,3,115,wall,wall,False,True,False,0.6869565217391305,-11.14
Random,501000,63,501062,1501000,0,28,27,0,3,28,wall,wall,False,True,False,0.7142857142857143,-10.27
Random,501000,64,501063,1501000,0,33,32,0,3,33,wall,wall,False,True,False,0.696969696969697,-10.32
Random,501000,65,501064,1501000,0,51,50,0,3,51,wall,wall,False,True,False,0.7647058823529411,-10.5
Random,501000,66,501065,1501000,0,60,59,0,3,60,wall,wall,False,True,False,0.5833333333333334,-10.59
Random,501000,67,501066,1501000,0,31,30,0,3,31,wall,wall,False,True,False,0.7096774193548387,-10.3
Random,501000,68,501067,1501000,10,117,116,1,4,75,wall,wall,False,True,False,0.6153846153846154,-1.1499999999999844
Random,501000,69,501068,1501000,10,164,163,1,4,18,wall,wall,False,True,False,0.6951219512195121,-1.6199999999999974
Random,501000,70,501069,1501000,0,38,37,0,3,38,wall,wall,False,True,False,0.7105263157894737,-10.370000000000001
Random,501000,71,501070,1501000,0,69,68,0,3,69,wall,wall,False,True,False,0.7246376811594203,-10.68
Random,501000,72,501071,1501000,0,117,116,0,3,117,wall,wall,False,True,False,0.7350427350427351,-11.16
Random,501000,73,501072,1501000,0,31,30,0,3,31,wall,wall,False,True,False,0.6774193548387096,-10.3
Random,501000,74,501073,1501000,10,59,58,1,4,10,wall,wall,False,True,False,0.7288135593220338,-0.5699999999999985
Random,501000,75,501074,1501000,0,92,91,0,3,92,wall,wall,False,True,False,0.6086956521739131,-10.91
Random,501000,76,501075,1501000,0,46,45,0,3,46,wall,wall,False,True,False,0.717391304347826,-10.450000000000001
Random,501000,77,501076,1501000,0,99,98,0,3,99,wall,wall,False,True,False,0.6565656565656566,-10.98
Random,501000,78,501077,1501000,0,184,183,0,3,184,wall,wall,False,True,False,0.6684782608695652,-11.830000000000002
Random,501000,79,501078,1501000,0,74,73,0,3,74,wall,wall,False,True,False,0.6891891891891891,-10.73
Random,501000,80,501079,1501000,0,39,38,0,3,39,wall,wall,False,True,False,0.717948717948718,-10.38
Random,501000,81,501080,1501000,0,66,65,0,3,66,wall,wall,False,True,False,0.6363636363636364,-10.65
Random,501000,82,501081,1501000,0,67,66,0,3,67,wall,wall,False,True,False,0.6865671641791045,-10.66
Random,501000,83,501082,1501000,0,117,116,0,3,117,wall,wall,False,True,False,0.5811965811965812,-11.16
Random,501000,84,501083,1501000,0,63,62,0,3,63,wall,wall,False,True,False,0.7142857142857143,-10.620000000000001
Random,501000,85,501084,1501000,0,19,18,0,3,19,wall,wall,False,True,False,0.6842105263157895,-10.18
Random,501000,86,501085,1501000,10,149,148,1,4,78,wall,wall,False,True,False,0.6845637583892618,-1.4699999999999847
Random,501000,87,501086,1501000,0,39,38,0,3,39,wall,wall,False,True,False,0.717948717948718,-10.38
Random,501000,88,501087,1501000,0,25,24,0,3,25,wall,wall,False,True,False,0.56,-10.24
Random,501000,89,501088,1501000,10,123,122,1,4,8,wall,wall,False,True,False,0.6991869918699187,-1.209999999999999
Random,501000,90,501089,1501000,0,29,28,0,3,29,wall,wall,False,True,False,0.6551724137931034,-10.28
Random,501000,91,501090,1501000,10,108,107,1,4,10,wall,wall,False,True,False,0.7129629629629629,-1.0599999999999987
Random,501000,92,501091,1501000,0,93,92,0,3,93,wall,wall,False,True,False,0.6021505376344086,-10.92
Random,501000,93,501092,1501000,0,98,97,0,3,98,wall,wall,False,True,False,0.6938775510204082,-10.97
Random,501000,94,501093,1501000,10,72,71,1,4,22,wall,wall,False,True,False,0.6666666666666666,-0.6999999999999957
Random,501000,95,501094,1501000,0,52,51,0,3,52,wall,wall,False,True,False,0.6153846153846154,-10.51
Random,501000,96,501095,1501000,0,40,39,0,3,40,wall,wall,False,True,False,0.675,-10.39
Random,501000,97,501096,1501000,10,59,58,1,4,42,wall,wall,False,True,False,0.6610169491525424,-0.5699999999999914
Random,501000,98,501097,1501000,0,63,62,0,3,63,wall,wall,False,True,False,0.8095238095238095,-10.620000000000001
Random,501000,99,501098,1501000,0,136,135,0,3,136,wall,wall,False,True,False,0.6323529411764706,-11.350000000000001
Random,501000,100,501099,1501000,0,90,89,0,3,90,wall,wall,False,True,False,0.6333333333333333,-10.89
Heuristic,501000,1,501000,,200,306,305,20,23,7,self,self,False,True,False,0.12418300653594772,187.15000000000038
Heuristic,501000,2,501001,,220,231,230,22,25,3,self,self,False,True,False,0.18614718614718614,207.92000000000064
Heuristic,501000,3,501002,,170,214,213,17,20,15,self,self,False,True,False,0.1588785046728972,158.04000000000013
Heuristic,501000,4,501003,,140,201,200,14,17,4,self,self,False,True,False,0.12935323383084577,128.13999999999956
Heuristic,501000,5,501004,,460,810,809,46,49,31,self,self,False,True,False,0.13333333333333333,442.37000000000523
Heuristic,501000,6,501005,,380,574,573,38,41,28,self,self,False,True,False,0.11498257839721254,364.65000000000293
Heuristic,501000,7,501006,,200,319,318,20,23,13,self,self,False,True,False,0.11912225705329153,187.02000000000035
Heuristic,501000,8,501007,,320,468,467,32,35,13,self,self,False,True,False,0.1282051282051282,305.650000000002
Heuristic,501000,9,501008,,280,425,424,28,31,17,self,self,False,True,False,0.12,266.0400000000018
Heuristic,501000,10,501009,,580,1016,1015,58,61,26,self,self,False,True,False,0.1309055118110236,560.4300000000071
Heuristic,501000,11,501010,,170,220,219,17,20,16,self,self,False,True,False,0.1590909090909091,157.9800000000002
Heuristic,501000,12,501011,,260,384,383,26,29,7,self,self,False,True,False,0.12239583333333333,246.43000000000097
Heuristic,501000,13,501012,,150,167,166,15,18,9,self,self,False,True,False,0.17964071856287425,138.48999999999978
Heuristic,501000,14,501013,,410,662,661,41,44,11,self,self,False,True,False,0.16314199395770393,393.8000000000045
Heuristic,501000,15,501014,,260,390,389,26,29,9,self,self,False,True,False,0.12051282051282051,246.37000000000143
Heuristic,501000,16,501015,,270,350,349,27,30,23,self,self,False,True,False,0.16,256.780000000001
Heuristic,501000,17,501016,,270,414,413,27,30,16,self,self,False,True,False,0.14492753623188406,256.14000000000135
Heuristic,501000,18,501017,,100,113,112,10,13,9,self,self,False,True,False,0.18584070796460178,88.97999999999989
Heuristic,501000,19,501018,,170,184,183,17,20,9,self,self,False,True,False,0.15760869565217392,158.3400000000002
Heuristic,501000,20,501019,,230,262,261,23,26,15,self,self,False,True,False,0.16412213740458015,217.62000000000072
Heuristic,501000,21,501020,,450,797,796,45,48,25,self,self,False,True,False,0.12296110414052698,432.4900000000048
Heuristic,501000,22,501021,,360,507,506,36,39,13,self,self,False,True,False,0.14003944773175542,345.30000000000297
Heuristic,501000,23,501022,,260,359,358,26,29,3,self,self,False,True,False,0.13649025069637882,246.68000000000137
Heuristic,501000,24,501023,,220,271,270,22,25,11,self,self,False,True,False,0.14391143911439114,207.52000000000072
Heuristic,501000,25,501024,,310,557,556,31,34,25,self,self,False,True,False,0.12208258527827648,294.75000000000273
Heuristic,501000,26,501025,,350,614,613,35,38,25,self,self,False,True,False,0.13355048859934854,334.22000000000276
Heuristic,501000,27,501026,,330,482,481,33,36,21,self,self,False,True,False,0.13278008298755187,315.5200000000026
Heuristic,501000,28,501027,,270,370,369,27,30,9,self,self,False,True,False,0.12702702702702703,256.5800000000015
Heuristic,501000,29,501028,,300,437,436,30,33,8,self,self,False,True,False,0.12128146453089245,285.9400000000012
Heuristic,501000,30,501029,,410,701,700,41,44,33,self,self,False,True,False,0.14407988587731813,393.4100000000044
Heuristic,501000,31,501030,,300,428,427,30,33,19,self,self,False,True,False,0.14485981308411214,286.0300000000017
Heuristic,501000,32,501031,,110,124,123,11,14,3,self,self,False,True,False,0.1693548387096774,98.87999999999985
Heuristic,501000,33,501032,,430,691,690,43,46,20,self,self,False,True,False,0.1316931982633864,413.53000000000344
Heuristic,501000,34,501033,,170,233,232,17,20,11,self,self,False,True,False,0.17167381974248927,157.8500000000003
Heuristic,501000,35,501034,,240,370,369,24,27,19,self,self,False,True,False,0.11351351351351352,226.55000000000132
Heuristic,501000,36,501035,,340,595,594,34,37,15,self,self,False,True,False,0.11428571428571428,324.40000000000276
Heuristic,501000,37,501036,,280,426,425,28,31,34,self,self,False,True,False,0.1267605633802817,266.03000000000173
Heuristic,501000,38,501037,,360,535,534,36,39,25,self,self,False,True,False,0.11775700934579439,345.02000000000197
Heuristic,501000,39,501038,,280,376,375,28,31,11,self,self,False,True,False,0.1356382978723404,266.5300000000011
Heuristic,501000,40,501039,,320,530,529,32,35,8,self,self,False,True,False,0.10566037735849057,305.0300000000025
Heuristic,501000,41,501040,,200,259,258,20,23,6,self,self,False,True,False,0.1274131274131274,187.62000000000052
Heuristic,501000,42,501041,,340,450,449,34,37,9,self,self,False,True,False,0.12222222222222222,325.85000000000207
Heuristic,501000,43,501042,,130,210,209,13,16,3,self,self,False,True,False,0.10952380952380952,118.03999999999968
Heuristic,501000,44,501043,,430,726,725,43,46,21,self,self,False,True,False,0.12121212121212122,413.18000000000455
Heuristic,501000,45,501044,,350,431,430,35,38,10,self,self,False,True,False,0.14385150812064965,336.05000000000183
Heuristic,501000,46,501045,,290,437,436,29,32,25,self,self,False,True,False,0.15102974828375287,275.9300000000021
Heuristic,501000,47,501046,,390,534,533,39,42,16,self,self,False,True,False,0.15355805243445692,375.0600000000029
Heuristic,501000,48,501047,,330,562,561,33,36,21,self,self,False,True,False,0.12099644128113879,314.72000000000224
Heuristic,501000,49,501048,,460,793,792,46,49,5,self,self,False,True,False,0.1235813366960908,442.54000000000457
Heuristic,501000,50,501049,,200,253,252,20,23,7,self,self,False,True,False,0.13438735177865613,187.68000000000075
Heuristic,501000,51,501050,,230,332,331,23,26,13,self,self,False,True,False,0.14156626506024098,216.92000000000087
Heuristic,501000,52,501051,,280,465,464,28,31,13,self,self,False,True,False,0.10967741935483871,265.6400000000014
Heuristic,501000,53,501052,,260,380,379,26,29,17,self,self,False,True,False,0.14473684210526316,246.47000000000122
Heuristic,501000,54,501053,,320,459,458,32,35,7,self,self,False,True,False,0.14814814814814814,305.7400000000024
Heuristic,501000,55,501054,,340,459,458,34,37,11,self,self,False,True,False,0.12418300653594772,325.7600000000022
Heuristic,501000,56,501055,,270,421,420,27,30,25,self,self,False,True,False,0.1330166270783848,256.07000000000147
Heuristic,501000,57,501056,,380,573,572,38,41,16,self,self,False,True,False,0.13089005235602094,364.6600000000034
Heuristic,501000,58,501057,,280,376,375,28,31,9,self,self,False,True,False,0.13829787234042554,266.5300000000012
Heuristic,501000,59,501058,,120,125,124,12,15,9,self,self,False,True,False,0.168,108.87999999999978
Heuristic,501000,60,501059,,340,624,623,34,37,13,self,self,False,True,False,0.12980769230769232,324.1100000000027
Heuristic,501000,61,501060,,250,272,271,25,28,8,self,self,False,True,False,0.14338235294117646,237.54000000000093
Heuristic,501000,62,501061,,220,340,339,22,25,11,self,self,False,True,False,0.11470588235294117,206.83000000000072
Heuristic,501000,63,501062,,350,584,583,35,38,25,self,self,False,True,False,0.1284246575342466,334.5200000000033
Heuristic,501000,64,501063,,200,307,306,20,23,7,self,self,False,True,False,0.11400651465798045,187.14000000000058
Heuristic,501000,65,501064,,400,666,665,40,43,25,self,self,False,True,False,0.11711711711711711,383.75000000000387
Heuristic,501000,66,501065,,350,508,507,35,38,20,self,self,False,True,False,0.12992125984251968,335.2800000000022
Heuristic,501000,67,501066,,160,284,283,16,19,7,self,self,False,True,False,0.10211267605633803,147.3299999999997
Heuristic,501000,68,501067,,450,593,592,45,48,19,self,self,False,True,False,0.1281618887015177,434.53000000000384
Heuristic,501000,69,501068,,290,515,514,29,32,25,self,self,False,True,False,0.12233009708737864,275.1500000000027
Heuristic,501000,70,501069,,330,481,480,33,36,7,self,self,False,True,False,0.15384615384615385,315.5300000000023
Heuristic,501000,71,501070,,230,313,312,23,26,11,self,self,False,True,False,0.13738019169329074,217.1100000000013
Heuristic,501000,72,501071,,250,328,327,25,28,5,self,self,False,True,False,0.125,236.9800000000007
Heuristic,501000,73,501072,,180,247,246,18,21,15,self,self,False,True,False,0.1214574898785425,167.72000000000014
Heuristic,501000,74,501073,,270,456,455,27,30,13,self,self,False,True,False,0.11403508771929824,255.7200000000015
Heuristic,501000,75,501074,,260,382,381,26,29,21,self,self,False,True,False,0.112565445026178,246.45000000000084
Heuristic,501000,76,501075,,220,329,328,22,25,15,self,self,False,True,False,0.1094224924012158,206.94000000000096
Heuristic,501000,77,501076,,300,378,377,30,33,7,self,self,False,True,False,0.13756613756613756,286.5300000000017
Heuristic,501000,78,501077,,380,503,502,38,41,7,self,self,False,True,False,0.13717693836978131,365.3600000000025
Heuristic,501000,79,501078,,370,505,504,37,40,23,self,self,False,True,False,0.1405940594059406,355.33000000000277
Heuristic,501000,80,501079,,370,624,623,37,40,13,self,self,False,True,False,0.10576923076923077,354.14000000000317
Heuristic,501000,81,501080,,230,292,291,23,26,13,self,self,False,True,False,0.136986301369863,217.32000000000087
Heuristic,501000,82,501081,,360,547,546,36,39,21,self,self,False,True,False,0.11882998171846434,344.90000000000265
Heuristic,501000,83,501082,,170,211,210,17,20,11,self,self,False,True,False,0.12322274881516587,158.07000000000014
Heuristic,501000,84,501083,,130,123,122,13,16,5,self,self,False,True,False,0.21951219512195122,118.90999999999974
Heuristic,501000,85,501084,,360,526,525,36,39,4,self,self,False,True,False,0.11026615969581749,345.11000000000263
Heuristic,501000,86,501085,,280,353,352,28,31,14,self,self,False,True,False,0.12181303116147309,266.7600000000015
Heuristic,501000,87,501086,,260,353,352,26,29,5,self,self,False,True,False,0.14447592067988668,246.74000000000137
Heuristic,501000,88,501087,,430,722,721,43,46,7,self,self,False,True,False,0.12465373961218837,413.22000000000327
Heuristic,501000,89,501088,,540,983,982,54,57,36,self,self,False,True,False,0.12919633774160733,520.7200000000064
Heuristic,501000,90,501089,,190,294,293,19,22,17,self,self,False,True,False,0.11904761904761904,177.26000000000016
Heuristic,501000,91,501090,,140,201,200,14,17,13,self,self,False,True,False,0.14427860696517414,128.13999999999973
Heuristic,501000,92,501091,,400,612,611,40,43,11,self,self,False,True,False,0.15359477124183007,384.2900000000033
Heuristic,501000,93,501092,,350,475,474,35,38,13,self,self,False,True,False,0.15578947368421053,335.61000000000246
Heuristic,501000,94,501093,,540,1003,1002,54,57,13,self,self,False,True,False,0.13359920239282153,520.5200000000073
Heuristic,501000,95,501094,,210,290,289,21,24,5,self,self,False,True,False,0.13448275862068965,197.3200000000009
Heuristic,501000,96,501095,,190,237,236,19,22,16,self,self,False,True,False,0.16877637130801687,177.8300000000002
Heuristic,501000,97,501096,,350,471,470,35,38,13,self,self,False,True,False,0.1337579617834395,335.6500000000023
Heuristic,501000,98,501097,,380,550,549,38,41,7,self,self,False,True,False,0.11454545454545455,364.89000000000283
Heuristic,501000,99,501098,,170,262,261,17,20,7,self,self,False,True,False,0.11068702290076336,157.55999999999972
Heuristic,501000,100,501099,,360,600,599,36,39,22,self,self,False,True,False,0.15,344.37000000000353
Classic,501000,1,501000,,410,805,804,41,44,1,wall,wall,False,True,False,0.6186335403726708,392.370000000004
Classic,501000,2,501001,,190,233,232,19,22,6,self,self,False,True,False,0.6437768240343348,177.87000000000003
Classic,501000,3,501002,,230,410,409,23,26,17,self,self,False,True,False,0.6073170731707317,216.14000000000146
Classic,501000,4,501003,,280,396,395,28,31,8,self,self,False,True,False,0.648989898989899,266.33000000000095
Classic,501000,5,501004,,190,318,317,19,22,6,self,self,False,True,False,0.6352201257861635,177.0200000000006
Classic,501000,6,501005,,240,396,395,24,27,7,self,self,False,True,False,0.6212121212121212,226.2900000000011
Classic,501000,7,501006,,140,364,363,14,17,38,self,self,False,True,False,0.6730769230769231,126.50999999999982
Classic,501000,8,501007,,170,269,268,17,20,5,self,self,False,True,False,0.5576208178438662,157.49000000000024
Classic,501000,9,501008,,460,774,773,46,49,16,self,self,False,True,False,0.6124031007751938,442.7300000000047
Classic,501000,10,501009,,220,425,424,22,25,17,self,self,False,True,False,0.6094117647058823,205.9800000000011
Classic,501000,11,501010,,370,668,667,37,40,28,self,self,False,True,False,0.5988023952095808,353.70000000000334
Classic,501000,12,501011,,190,370,369,19,22,33,self,self,False,True,False,0.5837837837837838,176.50000000000045
Classic,501000,13,501012,,290,516,515,29,32,15,self,self,False,True,False,0.6666666666666666,275.1400000000026
Classic,501000,14,501013,,160,248,247,16,19,7,self,self,False,True,False,0.6209677419354839,147.68999999999977
Classic,501000,15,501014,,210,380,379,21,24,4,self,self,False,True,False,0.6684210526315789,196.4200000000007
Classic,501000,16,501015,,320,557,556,32,35,18,self,self,False,True,False,0.6050269299820467,304.7600000000017
Classic,501000,17,501016,,240,384,383,24,27,3,self,self,False,True,False,0.6953125,226.41000000000088
Classic,501000,18,501017,,360,548,547,36,39,10,self,self,False,True,False,0.6605839416058394,344.89000000000294
Classic,501000,19,501018,,250,395,394,25,28,2,self,self,False,True,False,0.6379746835443038,236.31000000000142
Classic,501000,20,501019,,270,371,370,27,30,9,self,self,False,True,False,0.692722371967655,256.5700000000012
Classic,501000,21,501020,,310,626,625,31,34,19,self,self,False,True,False,0.6166134185303515,294.06000000000273
Classic,501000,22,501021,,420,721,720,42,45,15,self,self,False,True,False,0.5894590846047156,403.22000000000435
Classic,501000,23,501022,,320,497,496,32,35,1,self,self,False,True,False,0.5915492957746479,305.3600000000022
Classic,501000,24,501023,,250,420,419,25,28,9,self,self,False,True,False,0.6904761904761905,236.06000000000174
Classic,501000,25,501024,,270,551,550,27,30,27,wall,wall,False,True,False,0.6206896551724138,254.77000000000214
Classic,501000,26,501025,,370,870,869,37,40,28,self,self,False,True,False,0.5839080459770115,351.6800000000036
Classic,501000,27,501026,,110,131,130,11,14,4,self,self,False,True,False,0.5954198473282443,98.80999999999992
Classic,501000,28,501027,,300,509,508,30,33,9,self,self,False,True,False,0.6542239685658153,285.22000000000145
Classic,501000,29,501028,,170,329,328,17,20,4,self,self,False,True,False,0.6048632218844985,156.89
Classic,501000,30,501029,,390,657,656,39,42,37,self,self,False,True,False,0.6560121765601218,373.8300000000038
Classic,501000,31,501030,,320,579,578,32,35,9,self,self,False,True,False,0.6373056994818653,304.54000000000264
Classic,501000,32,501031,,170,284,283,17,20,9,self,self,False,True,False,0.6795774647887324,157.3400000000002
Classic,501000,33,501032,,300,560,559,30,33,7,self,self,False,True,False,0.5982142857142857,284.7100000000016
Classic,501000,34,501033,,90,154,153,9,12,5,self,self,False,True,False,0.5974025974025974,78.55999999999993
Classic,501000,35,501034,,310,533,532,31,34,10,self,self,False,True,False,0.5834896810506567,294.99000000000177
Classic,501000,36,501035,,250,402,401,25,28,12,self,self,False,True,False,0.5621890547263682,236.2400000000008
Classic,501000,37,501036,,250,398,397,25,28,10,self,self,False,True,False,0.5954773869346733,236.28000000000105
Classic,501000,38,501037,,300,547,546,30,33,15,self,self,False,True,False,0.5557586837294333,284.8400000000018
Classic,501000,39,501038,,300,555,554,30,33,23,self,self,False,True,False,0.590990990990991,284.7600000000022
Classic,501000,40,501039,,530,1097,1096,53,56,13,self,self,False,True,False,0.585232452142206,509.57000000000676
Classic,501000,41,501040,,290,478,477,29,32,16,self,self,False,True,False,0.6338912133891214,275.5200000000023
Classic,501000,42,501041,,510,860,859,51,54,13,wall,wall,False,True,False,0.6337209302325582,491.9200000000054
Classic,501000,43,501042,,240,526,525,24,27,16,self,self,False,True,False,0.5988593155893536,224.9900000000012
Classic,501000,44,501043,,100,158,157,10,13,2,wall,wall,False,True,False,0.7215189873417721,88.52999999999987
Classic,501000,45,501044,,160,297,296,16,19,16,self,self,False,True,False,0.6195286195286195,147.19999999999993
Classic,501000,46,501045,,160,271,270,16,19,50,self,self,False,True,False,0.6678966789667896,147.46000000000058
Classic,501000,47,501046,,160,238,237,16,19,18,self,self,False,True,False,0.6470588235294118,147.79000000000008
Classic,501000,48,501047,,120,278,277,12,15,1,self,self,False,True,False,0.6834532374100719,107.3499999999996
Classic,501000,49,501048,,370,629,628,37,40,13,self,self,False,True,False,0.6057233704292527,354.09000000000276
Classic,501000,50,501049,,210,323,322,21,24,11,self,self,False,True,False,0.6439628482972136,196.99000000000092
Classic,501000,51,501050,,20,71,70,2,5,1,wall,wall,False,True,False,0.8450704225352113,9.320000000000014
Classic,501000,52,501051,,350,685,684,35,38,13,self,self,False,True,False,0.6204379562043796,333.510000000003
Classic,501000,53,501052,,120,195,194,12,15,12,self,self,False,True,False,0.6,108.17999999999954
Classic,501000,54,501053,,330,593,592,33,36,37,self,self,False,True,False,0.6509274873524452,314.41000000000355
Classic,501000,55,501054,,390,607,606,39,42,16,self,self,False,True,False,0.5848434925864909,374.33000000000334
Classic,501000,56,501055,,530,938,937,53,56,20,self,self,False,True,False,0.5746268656716418,511.16000000000565
Classic,501000,57,501056,,250,534,533,25,28,7,self,self,False,True,False,0.602996254681648,234.9200000000004
Classic,501000,58,501057,,310,542,541,31,34,10,self,self,False,True,False,0.6346863468634686,294.900000000002
Classic,501000,59,501058,,350,478,477,35,38,18,self,self,False,True,False,0.6799163179916318,335.5800000000024
Classic,501000,60,501059,,410,715,714,41,44,23,self,self,False,True,False,0.5566433566433566,393.2700000000033
Classic,501000,61,501060,,350,556,555,35,38,12,self,self,False,True,False,0.6007194244604317,334.8000000000019
Classic,501000,62,501061,,410,737,736,41,44,18,self,self,False,True,False,0.5956580732700135,393.0500000000045
Classic,501000,63,501062,,220,391,390,22,25,8,wall,wall,False,True,False,0.629156010230179,206.32000000000141
Classic,501000,64,501063,,170,290,289,17,20,4,self,self,False,True,False,0.6827586206896552,157.27999999999986
Classic,501000,65,501064,,360,677,676,36,39,14,self,self,False,True,False,0.5878877400295421,343.6000000000032
Classic,501000,66,501065,,210,469,468,21,24,107,self,self,False,True,False,0.7057569296375267,195.53000000000134
Classic,501000,67,501066,,350,653,652,35,38,8,self,self,False,True,False,0.6799387442572741,333.8300000000028
Classic,501000,68,501067,,360,534,533,36,39,21,self,self,False,True,False,0.6872659176029963,345.03000000000327
Classic,501000,69,501068,,340,665,664,34,37,1,wall,wall,False,True,False,0.6165413533834586,323.70000000000374
Classic,501000,70,501069,,210,402,401,21,24,5,self,self,False,True,False,0.6194029850746269,196.20000000000044
Classic,501000,71,501070,,330,537,536,33,36,16,self,self,False,True,False,0.6238361266294227,314.97000000000327
Classic,501000,72,501071,,280,491,490,28,31,11,self,self,False,True,False,0.6883910386965377,265.38000000000125
Classic,501000,73,501072,,250,450,449,25,28,82,self,self,False,True,False,0.62,235.76000000000172
Classic,501000,74,501073,,210,383,382,21,24,17,self,self,False,True,False,0.6527415143603134,196.39000000000033
Classic,501000,75,501074,,190,306,305,19,22,21,self,self,False,True,False,0.6176470588235294,177.14000000000027
Classic,501000,76,501075,,230,411,410,23,26,4,self,self,False,True,False,0.5912408759124088,216.13000000000085
Classic,501000,77,501076,,330,553,552,33,36,28,wall,wall,False,True,False,0.5406871609403255,314.8100000000029
Classic,501000,78,501077,,270,412,411,27,30,11,self,self,False,True,False,0.6456310679611651,256.16000000000184
Classic,501000,79,501078,,360,622,621,36,39,9,self,self,False,True,False,0.6720257234726688,344.1500000000036
Classic,501000,80,501079,,280,528,527,28,31,28,wall,wall,False,True,False,0.5568181818181818,265.01000000000187
Classic,501000,81,501080,,300,513,512,30,33,11,self,self,False,True,False,0.6296296296296297,285.1800000000026
Classic,501000,82,501081,,450,779,778,45,48,5,self,self,False,True,False,0.6251604621309371,432.67000000000473
Classic,501000,83,501082,,310,454,453,31,34,19,self,self,False,True,False,0.6013215859030837,295.7800000000021
Classic,501000,84,501083,,260,380,379,26,29,21,self,self,False,True,False,0.5763157894736842,246.47000000000162
Classic,501000,85,501084,,290,494,493,29,32,18,self,self,False,True,False,0.5870445344129555,275.3600000000018
Classic,501000,86,501085,,390,625,624,39,42,3,self,self,False,True,False,0.6304,374.1500000000036
Classic,501000,87,501086,,150,226,225,15,18,6,self,self,False,True,False,0.6238938053097345,137.89999999999975
Classic,501000,88,501087,,440,797,796,44,47,17,self,self,False,True,False,0.6072772898368883,422.4800000000031
Classic,501000,89,501088,,370,726,725,37,40,18,self,self,False,True,False,0.559228650137741,353.1200000000034
Classic,501000,90,501089,,290,746,745,29,32,4,self,self,False,True,False,0.7171581769436998,272.84000000000106
Classic,501000,91,501090,,440,769,768,44,47,37,self,self,False,True,False,0.6241872561768531,422.7600000000046
Classic,501000,92,501091,,380,663,662,38,41,5,self,self,False,True,False,0.6199095022624435,363.76000000000283
Classic,501000,93,501092,,210,310,309,21,24,3,self,self,False,True,False,0.6709677419354839,197.1200000000008
Classic,501000,94,501093,,240,351,350,24,27,32,self,self,False,True,False,0.6581196581196581,226.74000000000132
Classic,501000,95,501094,,180,334,333,18,21,4,self,self,False,True,False,0.6646706586826348,166.84999999999977
Classic,501000,96,501095,,360,677,676,36,39,29,self,self,False,True,False,0.6292466765140325,343.600000000003
Classic,501000,97,501096,,150,204,203,15,18,1,self,self,False,True,False,0.7205882352941176,138.11999999999964
Classic,501000,98,501097,,370,629,628,37,40,7,self,self,False,True,False,0.5945945945945946,354.0900000000033
Classic,501000,99,501098,,240,502,501,24,27,27,self,self,False,True,False,0.6932270916334662,225.2300000000008
Classic,501000,100,501099,,420,776,775,42,45,15,self,self,False,True,False,0.6288659793814433,402.67000000000417
Strategy,501000,1,501000,,120,200,199,12,15,10,self,self,False,True,False,0.33,108.1299999999996
Strategy,501000,2,501001,,110,102,101,11,14,3,self,self,False,True,False,0.47058823529411764,99.0999999999999
Strategy,501000,3,501002,,260,379,378,26,29,13,self,self,False,True,False,0.43271767810026385,246.4800000000015
Strategy,501000,4,501003,,280,396,395,28,31,10,self,self,False,True,False,0.4318181818181818,266.3300000000012
Strategy,501000,5,501004,,300,504,503,30,33,10,self,self,False,True,False,0.3353174603174603,285.2700000000023
Strategy,501000,6,501005,,410,692,691,41,44,18,self,self,False,True,False,0.37283236994219654,393.500000000004
Strategy,501000,7,501006,,200,320,319,20,23,9,self,self,False,True,False,0.371875,187.0100000000003
Strategy,501000,8,501007,,490,869,868,49,52,24,self,self,False,True,False,0.4062140391254315,471.81000000000563
Strategy,501000,9,501008,,70,96,95,7,10,1,wall,wall,False,True,False,0.40625,59.120000000000005
Strategy,501000,10,501009,,240,399,398,24,27,24,self,self,False,True,False,0.3458646616541353,226.26000000000164
Strategy,501000,11,501010,,170,222,221,17,20,8,self,self,False,True,False,0.36486486486486486,157.96000000000012
Strategy,501000,12,501011,,350,658,657,35,38,26,self,self,False,True,False,0.3738601823708207,333.78000000000316
Strategy,501000,13,501012,,510,801,800,51,54,9,self,self,False,True,False,0.40574282147315854,492.5100000000052
Strategy,501000,14,501013,,430,685,684,43,46,10,self,self,False,True,False,0.35766423357664234,413.5900000000044
Strategy,501000,15,501014,,280,550,549,28,31,5,self,self,False,True,False,0.3981818181818182,264.79000000000235
Strategy,501000,16,501015,,130,190,189,13,16,1,self,self,False,True,False,0.42105263157894735,118.23999999999961
Strategy,501000,17,501016,,240,344,343,24,27,5,self,self,False,True,False,0.39244186046511625,226.81000000000074
Strategy,501000,18,501017,,470,720,719,47,50,39,self,self,False,True,False,0.3875,453.2800000000045
Strategy,501000,19,501018,,350,530,529,35,38,1,wall,wall,False,True,False,0.39433962264150946,335.0600000000028
Strategy,501000,20,501019,,330,473,472,33,36,11,self,self,False,True,False,0.4186046511627907,315.6100000000024
Strategy,501000,21,501020,,80,124,123,8,11,1,wall,wall,False,True,False,0.3629032258064516,68.84999999999994
Strategy,501000,22,501021,,320,480,479,32,35,19,self,self,False,True,False,0.4270833333333333,305.53000000000253
Strategy,501000,23,501022,,250,351,350,25,28,13,self,self,False,True,False,0.39316239316239315,236.7500000000012
Strategy,501000,24,501023,,320,469,468,32,35,7,self,self,False,True,False,0.4562899786780384,305.64000000000215
Strategy,501000,25,501024,,190,289,288,19,22,3,self,self,False,True,False,0.35294117647058826,177.31000000000026
Strategy,501000,26,501025,,210,343,342,21,24,3,self,self,False,True,False,0.36443148688046645,196.7900000000003
Strategy,501000,27,501026,,260,394,393,26,29,28,self,self,False,True,False,0.434010152284264,246.33000000000175
Strategy,501000,28,501027,,300,507,506,30,33,19,self,self,False,True,False,0.3727810650887574,285.2400000000017
Strategy,501000,29,501028,,410,628,627,41,44,10,self,self,False,True,False,0.4171974522292994,394.14000000000283
Strategy,501000,30,501029,,320,415,414,32,35,4,self,self,False,True,False,0.41204819277108434,306.18000000000177
Strategy,501000,31,501030,,280,378,377,28,31,1,self,self,False,True,False,0.3888888888888889,266.51000000000136
Strategy,501000,32,501031,,290,457,456,29,32,14,self,self,False,True,False,0.3588621444201313,275.7300000000021
Strategy,501000,33,501032,,310,550,549,31,34,18,self,self,False,True,False,0.37454545454545457,294.8200000000021
Strategy,501000,34,501033,,380,630,629,38,41,11,wall,wall,False,True,False,0.3888888888888889,364.0900000000033
Strategy,501000,35,501034,,310,454,453,31,34,11,self,self,False,True,False,0.41629955947136565,295.7800000000017
Strategy,501000,36,501035,,330,561,560,33,36,29,self,self,False,True,False,0.39037433155080214,314.7300000000023
Strategy,501000,37,501036,,360,553,552,36,39,3,self,self,False,True,False,0.4394213381555154,344.8400000000024
Strategy,501000,38,501037,,470,779,778,47,50,14,self,self,False,True,False,0.4017971758664955,452.690000000004
Strategy,501000,39,501038,,190,312,311,19,22,1,wall,wall,False,True,False,0.40705128205128205,177.08000000000027
Strategy,501000,40,501039,,320,536,535,32,35,8,self,self,False,True,False,0.32276119402985076,304.9700000000022
Strategy,501000,41,501040,,340,550,549,34,37,7,self,self,False,True,False,0.40545454545454546,324.8500000000029
Strategy,501000,42,501041,,380,578,577,38,41,16,self,self,False,True,False,0.4273356401384083,364.61000000000314
Strategy,501000,43,501042,,120,210,209,12,15,4,self,self,False,True,False,0.3476190476190476,108.02999999999969
Strategy,501000,44,501043,,40,60,59,4,7,1,self,self,False,True,False,0.38333333333333336,29.44999999999994
Strategy,501000,45,501044,,170,233,232,17,20,8,self,self,False,True,False,0.4721030042918455,157.85000000000036
Strategy,501000,46,501045,,360,501,500,36,39,22,self,self,False,True,False,0.38922155688622756,345.3600000000028
Strategy,501000,47,501046,,230,296,295,23,26,10,self,self,False,True,False,0.3952702702702703,217.28000000000077
Strategy,501000,48,501047,,240,357,356,24,27,10,self,self,False,True,False,0.37815126050420167,226.68000000000055
Strategy,501000,49,501048,,230,349,348,23,26,1,self,self,False,True,False,0.42120343839541546,216.7500000000008
Strategy,501000,50,501049,,160,216,215,16,19,1,self,self,False,True,False,0.41203703703703703,148.01
Strategy,501000,51,501050,,460,723,722,46,49,19,self,self,False,True,False,0.3665283540802213,443.24000000000433
Strategy,501000,52,501051,,430,789,788,43,46,6,self,self,False,True,False,0.39543726235741444,412.5500000000043
Strategy,501000,53,501052,,130,172,171,13,16,1,self,self,False,True,False,0.4883720930232558,118.41999999999962
Strategy,501000,54,501053,,150,184,183,15,18,1,wall,wall,False,True,False,0.41847826086956524,138.3200000000001
Strategy,501000,55,501054,,480,779,778,48,51,3,self,self,False,True,False,0.3940949935815148,462.70000000000493
Strategy,501000,56,501055,,280,478,477,28,31,15,self,self,False,True,False,0.401673640167364,265.5100000000013
Strategy,501000,57,501056,,300,405,404,30,33,3,self,self,False,True,False,0.41975308641975306,286.2600000000021
Strategy,501000,58,501057,,290,405,404,29,32,11,self,self,False,True,False,0.3851851851851852,276.2500000000015
Strategy,501000,59,501058,,350,454,453,35,38,4,self,self,False,True,False,0.45594713656387664,335.82000000000244
Strategy,501000,60,501059,,300,562,561,30,33,12,self,self,False,True,False,0.3861209964412811,284.69000000000193
Strategy,501000,61,501060,,290,416,415,29,32,18,self,self,False,True,False,0.43028846153846156,276.14000000000135
Strategy,501000,62,501061,,350,610,609,35,38,13,self,self,False,True,False,0.3590163934426229,334.2600000000027
Strategy,501000,63,501062,,290,468,467,29,32,1,self,self,False,True,False,0.40384615384615385,275.620000000002
Strategy,501000,64,501063,,650,1048,1047,65,68,3,self,self,False,True,False,0.3979007633587786,630.180000000007
Strategy,501000,65,501064,,410,630,629,41,44,6,self,self,False,True,False,0.3634920634920635,394.12000000000296
Strategy,501000,66,501065,,170,278,277,17,20,11,self,self,False,True,False,0.29856115107913667,157.3999999999999
Strategy,501000,67,501066,,430,662,661,43,46,26,self,self,False,True,False,0.4078549848942598,413.82000000000374
Strategy,501000,68,501067,,110,87,86,11,14,5,self,self,False,True,False,0.4942528735632184,99.2499999999999
Strategy,501000,69,501068,,370,719,718,37,40,17,self,self,False,True,False,0.3435326842837274,353.1900000000044
Strategy,501000,70,501069,,190,280,279,19,22,1,self,self,False,True,False,0.3892857142857143,177.40000000000072
Strategy,501000,71,501070,,110,116,115,11,14,1,self,self,False,True,False,0.5,98.95999999999992
Strategy,501000,72,501071,,230,352,351,23,26,4,self,self,False,True,False,0.41761363636363635,216.72000000000054
Strategy,501000,73,501072,,230,327,326,23,26,14,wall,wall,False,True,False,0.4617737003058104,216.97000000000065
Strategy,501000,74,501073,,380,559,558,38,41,1,self,self,False,True,False,0.3828264758497317,364.800000000002
Strategy,501000,75,501074,,470,758,757,47,50,39,self,self,False,True,False,0.4076517150395778,452.9000000000043
Strategy,501000,76,501075,,230,373,372,23,26,9,self,self,False,True,False,0.3941018766756032,216.5100000000011
Strategy,501000,77,501076,,130,151,150,13,16,4,self,self,False,True,False,0.4768211920529801,118.62999999999971
Strategy,501000,78,501077,,380,522,521,38,41,5,self,self,False,True,False,0.40229885057471265,365.1700000000029
Strategy,501000,79,501078,,220,311,310,22,25,11,self,self,False,True,False,0.4533762057877814,207.12000000000137
Strategy,501000,80,501079,,400,626,625,40,43,8,self,self,False,True,False,0.3466453674121406,384.1500000000031
Strategy,501000,81,501080,,270,426,425,27,30,5,self,self,False,True,False,0.38028169014084506,256.0200000000019
Strategy,501000,82,501081,,300,494,493,30,33,5,self,self,False,True,False,0.4271255060728745,285.370000000002
Strategy,501000,83,501082,,210,290,289,21,24,1,self,self,False,True,False,0.38275862068965516,197.32000000000062
Strategy,501000,84,501083,,510,821,820,51,54,34,self,self,False,True,False,0.4007308160779537,492.3100000000055
Strategy,501000,85,501084,,380,573,572,38,41,13,self,self,False,True,False,0.36649214659685864,364.660000000003
Strategy,501000,86,501085,,340,522,521,34,37,18,self,self,False,True,False,0.39080459770114945,325.1300000000029
Strategy,501000,87,501086,,290,438,437,29,32,15,self,self,False,True,False,0.3812785388127854,275.9200000000019
Strategy,501000,88,501087,,100,208,207,10,13,1,self,self,False,True,False,0.32211538461538464,88.02999999999982
Strategy,501000,89,501088,,220,339,338,22,25,4,self,self,False,True,False,0.4277286135693215,206.8400000000007
Strategy,501000,90,501089,,420,693,692,42,45,8,self,self,False,True,False,0.3924963924963925,403.5000000000032
Strategy,501000,91,501090,,510,914,913,51,54,38,self,self,False,True,False,0.3851203501094092,491.38000000000613
Strategy,501000,92,501091,,160,229,228,16,19,5,self,self,False,True,False,0.4148471615720524,147.87999999999994
Strategy,501000,93,501092,,120,194,193,12,15,7,self,self,False,True,False,0.4329896907216495,108.18999999999961
Strategy,501000,94,501093,,330,490,489,33,36,8,self,self,False,True,False,0.40816326530612246,315.4400000000026
Strategy,501000,95,501094,,460,788,787,46,49,12,self,self,False,True,False,0.3464467005076142,442.590000000005
Strategy,501000,96,501095,,210,277,276,21,24,1,self,self,False,True,False,0.4296028880866426,197.45000000000044
Strategy,501000,97,501096,,450,743,742,45,48,4,self,self,False,True,False,0.3795423956931359,433.0300000000045
Strategy,501000,98,501097,,300,439,438,30,33,2,self,self,False,True,False,0.40774487471526194,285.9200000000018
Strategy,501000,99,501098,,380,666,665,38,41,3,self,self,False,True,False,0.3483483483483483,363.730000000003
Strategy,501000,100,501099,,320,479,478,32,35,16,self,self,False,True,False,0.3569937369519833,305.5400000000026
Random,502000,1,502000,1502000,0,38,37,0,3,38,wall,wall,False,True,False,0.631578947368421,-10.370000000000001
Random,502000,2,502001,1502000,0,76,75,0,3,76,wall,wall,False,True,False,0.6973684210526315,-10.75
Random,502000,3,502002,1502000,0,62,61,0,3,62,wall,wall,False,True,False,0.6774193548387096,-10.61
Random,502000,4,502003,1502000,0,290,289,0,3,290,wall,wall,False,True,False,0.6758620689655173,-12.889999999999983
Random,502000,5,502004,1502000,0,14,13,0,3,14,wall,wall,False,True,False,0.6428571428571429,-10.13
Random,502000,6,502005,1502000,0,17,16,0,3,17,wall,wall,False,True,False,0.7647058823529411,-10.16
Random,502000,7,502006,1502000,0,39,38,0,3,39,wall,wall,False,True,False,0.5384615384615384,-10.38
Random,502000,8,502007,1502000,0,24,23,0,3,24,wall,wall,False,True,False,0.5833333333333334,-10.23
Random,502000,9,502008,1502000,0,16,15,0,3,16,wall,wall,False,True,False,0.6875,-10.15
Random,502000,10,502009,1502000,0,28,27,0,3,28,wall,wall,False,True,False,0.6071428571428571,-10.27
Random,502000,11,502010,1502000,0,120,119,0,3,120,wall,wall,False,True,False,0.7,-11.190000000000001
Random,502000,12,502011,1502000,0,107,106,0,3,107,wall,wall,False,True,False,0.6635514018691588,-11.06
Random,502000,13,502012,1502000,0,23,22,0,3,23,wall,wall,False,True,False,0.7391304347826086,-10.22
Random,502000,14,502013,1502000,0,65,64,0,3,65,wall,wall,False,True,False,0.6615384615384615,-10.64
Random,502000,15,502014,1502000,10,391,390,1,4,119,wall,wall,False,True,False,0.6368286445012787,-3.8899999999999615
Random,502000,16,502015,1502000,0,18,17,0,3,18,wall,wall,False,True,False,0.3888888888888889,-10.17
Random,502000,17,502016,1502000,0,44,43,0,3,44,wall,wall,False,True,False,0.5,-10.43
Random,502000,18,502017,1502000,0,21,20,0,3,21,wall,wall,False,True,False,0.6190476190476191,-10.2
Random,502000,19,502018,1502000,0,87,86,0,3,87,wall,wall,False,True,False,0.6551724137931034,-10.860000000000001
Random,502000,20,502019,1502000,0,33,32,0,3,33,wall,wall,False,True,False,0.6363636363636364,-10.32
Random,502000,21,502020,1502000,0,66,65,0,3,66,wall,wall,False,True,False,0.6060606060606061,-10.65
Random,502000,22,502021,1502000,0,27,26,0,3,27,wall,wall,False,True,False,0.7407407407407407,-10.26
Random,502000,23,502022,1502000,0,80,79,0,3,80,wall,wall,False,True,False,0.7375,-10.790000000000001
Random,502000,24,502023,1502000,0,53,52,0,3,53,wall,wall,False,True,False,0.7358490566037735,-10.52
Random,502000,25,502024,1502000,0,29,28,0,3,29,wall,wall,False,True,False,0.7586206896551724,-10.28
Random,502000,26,502025,1502000,0,26,25,0,3,26,wall,wall,False,True,False,0.5769230769230769,-10.25
Random,502000,27,502026,1502000,0,89,88,0,3,89,wall,wall,False,True,False,0.7640449438202247,-10.88
Random,502000,28,502027,1502000,0,26,25,0,3,26,wall,wall,False,True,False,0.6923076923076923,-10.25
Random,502000,29,502028,1502000,0,58,57,0,3,58,wall,wall,False,True,False,0.6206896551724138,-10.57
Random,502000,30,502029,1502000,0,35,34,0,3,35,wall,wall,False,True,False,0.6,-10.34
Random,502000,31,502030,1502000,10,37,36,1,4,27,wall,wall,False,True,False,0.7027027027027027,-0.3499999999999943
Random,502000,32,502031,1502000,0,113,112,0,3,113,wall,wall,False,True,False,0.6371681415929203,-11.120000000000001
Random,502000,33,502032,1502000,0,20,19,0,3,20,wall,wall,False,True,False,0.55,-10.19
Random,502000,34,502033,1502000,0,80,79,0,3,80,wall,wall,False,True,False,0.65,-10.790000000000001
Random,502000,35,502034,1502000,0,41,40,0,3,41,wall,wall,False,True,False,0.6585365853658537,-10.4
Random,502000,36,502035,1502000,0,19,18,0,3,19,wall,wall,False,True,False,0.42105263157894735,-10.18
Random,502000,37,502036,1502000,0,33,32,0,3,33,wall,wall,False,True,False,0.696969696969697,-10.32
Random,502000,38,502037,1502000,0,25,24,0,3,25,wall,wall,False,True,False,0.52,-10.24
Random,502000,39,502038,1502000,0,16,15,0,3,16,wall,wall,False,True,False,0.6875,-10.15
Random,502000,40,502039,1502000,0,50,49,0,3,50,wall,wall,False,True,False,0.58,-10.49
Random,502000,41,502040,1502000,0,52,51,0,3,52,wall,wall,False,True,False,0.6538461538461539,-10.51
Random,502000,42,502041,1502000,0,71,70,0,3,71,wall,wall,False,True,False,0.7183098591549296,-10.700000000000001
Random,502000,43,502042,1502000,10,23,22,1,4,11,wall,wall,False,True,False,0.5652173913043478,-0.2099999999999973
Random,502000,44,502043,1502000,0,89,88,0,3,89,wall,wall,False,True,False,0.651685393258427,-10.88
Random,502000,45,502044,1502000,0,32,31,0,3,32,wall,wall,False,True,False,0.65625,-10.31
Random,502000,46,502045,1502000,0,38,37,0,3,38,wall,wall,False,True,False,0.6578947368421053,-10.370000000000001
Random,502000,47,502046,1502000,0,50,49,0,3,50,wall,wall,False,True,False,0.68,-10.49
Random,502000,48,502047,1502000,0,33,32,0,3,33,wall,wall,False,True,False,0.42424242424242425,-10.32
Random,502000,49,502048,1502000,0,73,72,0,3,73,wall,wall,False,True,False,0.684931506849315,-10.72
Random,502000,50,502049,1502000,0,49,48,0,3,49,wall,wall,False,True,False,0.7346938775510204,-10.48
Random,502000,51,502050,1502000,0,96,95,0,3,96,wall,wall,False,True,False,0.6666666666666666,-10.950000000000001
Random,502000,52,502051,1502000,0,127,126,0,3,127,wall,wall,False,True,False,0.6535433070866141,-11.260000000000002
Random,502000,53,502052,1502000,0,56,55,0,3,56,wall,wall,False,True,False,0.6428571428571429,-10.55
Random,502000,54,502053,1502000,0,178,177,0,3,178,wall,wall,False,True,False,0.702247191011236,-11.770000000000001
Random,502000,55,502054,1502000,0,42,41,0,3,42,wall,wall,False,True,False,0.5476190476190477,-10.41
Random,502000,56,502055,1502000,0,82,81,0,3,82,wall,wall,False,True,False,0.7317073170731707,-10.81
Random,502000,57,502056,1502000,0,31,30,0,3,31,wall,wall,False,True,False,0.5806451612903226,-10.3
Random,502000,58,502057,1502000,0,33,32,0,3,33,wall,wall,False,True,False,0.6666666666666666,-10.32
Random,502000,59,502058,1502000,0,38,37,0,3,38,wall,wall,False,True,False,0.7631578947368421,-10.370000000000001
Random,502000,60,502059,1502000,0,69,68,0,3,69,wall,wall,False,True,False,0.6811594202898551,-10.68
Random,502000,61,502060,1502000,0,87,86,0,3,87,wall,wall,False,True,False,0.632183908045977,-10.860000000000001
Random,502000,62,502061,1502000,0,63,62,0,3,63,wall,wall,False,True,False,0.7142857142857143,-10.620000000000001
Random,502000,63,502062,1502000,0,114,113,0,3,114,wall,wall,False,True,False,0.6666666666666666,-11.13
Random,502000,64,502063,1502000,0,43,42,0,3,43,wall,wall,False,True,False,0.627906976744186,-10.42
Random,502000,65,502064,1502000,0,76,75,0,3,76,wall,wall,False,True,False,0.7763157894736842,-10.75
Random,502000,66,502065,1502000,0,91,90,0,3,91,wall,wall,False,True,False,0.7032967032967034,-10.9
Random,502000,67,502066,1502000,0,19,18,0,3,19,wall,wall,False,True,False,0.5789473684210527,-10.18
Random,502000,68,502067,1502000,0,27,26,0,3,27,wall,wall,False,True,False,0.5925925925925926,-10.26
Random,502000,69,502068,1502000,0,37,36,0,3,37,wall,wall,False,True,False,0.7027027027027027,-10.36
Random,502000,70,502069,1502000,0,102,101,0,3,102,wall,wall,False,True,False,0.7156862745098039,-11.010000000000002
Random,502000,71,502070,1502000,0,64,63,0,3,64,wall,wall,False,True,False,0.734375,-10.63
Random,502000,72,502071,1502000,0,64,63,0,3,64,wall,wall,False,True,False,0.6875,-10.63
Random,502000,73,502072,1502000,0,38,37,0,3,38,wall,wall,False,True,False,0.6578947368421053,-10.370000000000001
Random,502000,74,502073,1502000,0,38,37,0,3,38,wall,wall,False,True,False,0.6578947368421053,-10.370000000000001
Random,502000,75,502074,1502000,0,72,71,0,3,72,wall,wall,False,True,False,0.6388888888888888,-10.71
Random,502000,76,502075,1502000,0,43,42,0,3,43,wall,wall,False,True,False,0.627906976744186,-10.42
Random,502000,77,502076,1502000,0,63,62,0,3,63,wall,wall,False,True,False,0.7142857142857143,-10.620000000000001
Random,502000,78,502077,1502000,0,108,107,0,3,108,wall,wall,False,True,False,0.6203703703703703,-11.07
Random,502000,79,502078,1502000,0,61,60,0,3,61,wall,wall,False,True,False,0.7049180327868853,-10.6
Random,502000,80,502079,1502000,0,59,58,0,3,59,wall,wall,False,True,False,0.6101694915254238,-10.58
Random,502000,81,502080,1502000,0,138,137,0,3,138,wall,wall,False,True,False,0.6666666666666666,-11.370000000000001
Random,502000,82,502081,1502000,0,29,28,0,3,29,wall,wall,False,True,False,0.5517241379310345,-10.28
Random,502000,83,502082,1502000,0,117,116,0,3,117,wall,wall,False,True,False,0.7521367521367521,-11.16
Random,502000,84,502083,1502000,0,144,143,0,3,144,wall,wall,False,True,False,0.6666666666666666,-11.430000000000001
Random,502000,85,502084,1502000,0,51,50,0,3,51,wall,wall,False,True,False,0.5882352941176471,-10.5
Random,502000,86,502085,1502000,0,50,49,0,3,50,wall,wall,False,True,False,0.7,-10.49
Random,502000,87,502086,1502000,0,65,64,0,3,65,wall,wall,False,True,False,0.7692307692307693,-10.64
Random,502000,88,502087,1502000,0,25,24,0,3,25,wall,wall,False,True,False,0.6,-10.24
Random,502000,89,502088,1502000,0,31,30,0,3,31,wall,wall,False,True,False,0.8064516129032258,-10.3
Random,502000,90,502089,1502000,0,17,16,0,3,17,wall,wall,False,True,False,0.5294117647058824,-10.16
Random,502000,91,502090,1502000,10,52,51,1,4,46,wall,wall,False,True,False,0.5769230769230769,-0.4999999999999911
Random,502000,92,502091,1502000,0,104,103,0,3,104,wall,wall,False,True,False,0.6730769230769231,-11.030000000000001
Random,502000,93,502092,1502000,0,74,73,0,3,74,wall,wall,False,True,False,0.6351351351351351,-10.73
Random,502000,94,502093,1502000,20,229,228,2,5,5,self,self,False,True,False,0.6550218340611353,7.740000000000002
Random,502000,95,502094,1502000,0,43,42,0,3,43,wall,wall,False,True,False,0.6976744186046512,-10.42
Random,502000,96,502095,1502000,0,155,154,0,3,155,wall,wall,False,True,False,0.7032258064516129,-11.540000000000001
Random,502000,97,502096,1502000,0,78,77,0,3,78,wall,wall,False,True,False,0.6410256410256411,-10.77
Random,502000,98,502097,1502000,0,40,39,0,3,40,wall,wall,False,True,False,0.725,-10.39
Random,502000,99,502098,1502000,0,24,23,0,3,24,wall,wall,False,True,False,0.6666666666666666,-10.23
Random,502000,100,502099,1502000,10,30,29,1,4,13,wall,wall,False,True,False,0.5666666666666667,-0.2799999999999976
Heuristic,502000,1,502000,,370,567,566,37,40,13,self,self,False,True,False,0.13580246913580246,354.7100000000025
Heuristic,502000,2,502001,,240,385,384,24,27,13,self,self,False,True,False,0.12207792207792208,226.40000000000094
Heuristic,502000,3,502002,,120,161,160,12,15,5,self,self,False,True,False,0.13043478260869565,108.5199999999997
Heuristic,502000,4,502003,,460,743,742,46,49,5,self,self,False,True,False,0.11036339165545088,443.04000000000394
Heuristic,502000,5,502004,,250,342,341,25,28,11,self,self,False,True,False,0.13742690058479531,236.84000000000123
Heuristic,502000,6,502005,,320,386,385,32,35,5,self,self,False,True,False,0.16839378238341968,306.4700000000016
Heuristic,502000,7,502006,,200,300,299,20,23,10,self,self,False,True,False,0.11333333333333333,187.21000000000018
Heuristic,502000,8,502007,,340,498,497,34,37,6,self,self,False,True,False,0.13855421686746988,325.37000000000205
Heuristic,502000,9,502008,,240,350,349,24,27,11,self,self,False,True,False,0.12571428571428572,226.75000000000074
Heuristic,502000,10,502009,,340,488,487,34,37,10,self,self,False,True,False,0.14549180327868852,325.47000000000276
Heuristic,502000,11,502010,,280,411,410,28,31,25,self,self,False,True,False,0.1435523114355231,266.18000000000217
Heuristic,502000,12,502011,,290,456,455,29,32,9,self,self,False,True,False,0.10964912280701754,275.7400000000021
Heuristic,502000,13,502012,,470,774,773,47,50,13,self,self,False,True,False,0.11886304909560723,452.7400000000047
Heuristic,502000,14,502013,,360,569,568,36,39,17,self,self,False,True,False,0.11423550087873462,344.68000000000285
Heuristic,502000,15,502014,,170,244,243,17,20,5,self,self,False,True,False,0.13934426229508196,157.73999999999998
Heuristic,502000,16,502015,,130,169,168,13,16,5,self,self,False,True,False,0.15384615384615385,118.4499999999997
Heuristic,502000,17,502016,,290,482,481,29,32,21,self,self,False,True,False,0.12655601659751037,275.48000000000195
Heuristic,502000,18,502017,,240,402,401,24,27,21,self,self,False,True,False,0.11940298507462686,226.23000000000118
Heuristic,502000,19,502018,,290,422,421,29,32,13,self,self,False,True,False,0.13270142180094788,276.0800000000019
Heuristic,502000,20,502019,,300,525,524,30,33,9,self,self,False,True,False,0.12,285.0600000000019
Heuristic,502000,21,502020,,370,617,616,37,40,36,self,self,False,True,False,0.13452188006482982,354.2100000000033
Heuristic,502000,22,502021,,140,187,186,14,17,9,self,self,False,True,False,0.13368983957219252,128.27999999999977
Heuristic,502000,23,502022,,230,286,285,23,26,13,self,self,False,True,False,0.15384615384615385,217.38000000000062
Heuristic,502000,24,502023,,190,297,296,19,22,15,self,self,False,True,False,0.12457912457912458,177.23000000000036
Heuristic,502000,25,502024,,480,812,811,48,51,10,self,self,False,True,False,0.13054187192118227,462.3700000000051
Heuristic,502000,26,502025,,340,494,493,34,37,13,self,self,False,True,False,0.15182186234817813,325.4100000000024
Heuristic,502000,27,502026,,320,519,518,32,35,5,self,self,False,True,False,0.11175337186897881,305.1400000000023
Heuristic,502000,28,502027,,340,583,582,34,37,31,self,self,False,True,False,0.13550600343053174,324.5200000000032
Heuristic,502000,29,502028,,220,279,278,22,25,4,self,self,False,True,False,0.14695340501792115,207.44000000000062
Heuristic,502000,30,502029,,300,380,379,30,33,20,self,self,False,True,False,0.15526315789473685,286.51000000000187
Heuristic,502000,31,502030,,360,614,613,36,39,22,self,self,False,True,False,0.12052117263843648,344.2300000000024
Heuristic,502000,32,502031,,180,281,280,18,21,15,self,self,False,True,False,0.13167259786476868,167.38000000000005
Heuristic,502000,33,502032,,500,868,867,50,53,19,self,self,False,True,False,0.13248847926267282,481.8300000000052
Heuristic,502000,34,502033,,210,335,334,21,24,16,self,self,False,True,False,0.1044776119402985,196.87000000000023
Heuristic,502000,35,502034,,420,698,697,42,45,9,self,self,False,True,False,0.1332378223495702,403.4500000000042
Heuristic,502000,36,502035,,430,623,622,43,46,3,self,self,False,True,False,0.14285714285714285,414.2100000000032
Heuristic,502000,37,502036,,380,521,520,38,41,9,self,self,False,True,False,0.1343570057581574,365.1800000000027
Heuristic,502000,38,502037,,300,444,443,30,33,29,self,self,False,True,False,0.13963963963963963,285.8700000000015
Heuristic,502000,39,502038,,110,154,153,11,14,1,self,self,False,True,False,0.12337662337662338,98.57999999999983
Heuristic,502000,40,502039,,270,464,463,27,30,22,self,self,False,True,False,0.12931034482758622,255.6400000000013
Heuristic,502000,41,502040,,550,820,819,55,58,17,self,self,False,True,False,0.12804878048780488,532.3600000000056
Heuristic,502000,42,502041,,360,625,624,36,39,25,self,self,False,True,False,0.1648,344.12000000000353
Heuristic,502000,43,502042,,450,593,592,45,48,12,self,self,False,True,False,0.15008431703204048,434.5300000000038
Heuristic,502000,44,502043,,430,716,715,43,46,6,self,self,False,True,False,0.12988826815642457,413.2800000000036
Heuristic,502000,45,502044,,120,175,174,12,15,9,self,self,False,True,False,0.13714285714285715,108.37999999999955
Heuristic,502000,46,502045,,260,369,368,26,29,4,self,self,False,True,False,0.13279132791327913,246.58000000000118
Heuristic,502000,47,502046,,180,266,265,18,21,12,self,self,False,True,False,0.14285714285714285,167.5300000000006
Heuristic,502000,48,502047,,60,89,88,6,9,3,self,self,False,True,False,0.16853932584269662,49.17999999999999
Heuristic,502000,49,502048,,150,172,171,15,18,5,self,self,False,True,False,0.1744186046511628,138.43999999999963
Heuristic,502000,50,502049,,270,416,415,27,30,25,self,self,False,True,False,0.11057692307692307,256.12000000000205
Heuristic,502000,51,502050,,440,744,743,44,47,2,self,self,False,True,False,0.14650537634408603,423.0100000000048
Heuristic,502000,52,502051,,130,127,126,13,16,8,self,self,False,True,False,0.16535433070866143,118.86999999999992
Heuristic,502000,53,502052,,300,442,441,30,33,9,self,self,False,True,False,0.12217194570135746,285.89000000000186
Heuristic,502000,54,502053,,280,450,449,28,31,23,self,self,False,True,False,0.1111111111111111,265.79000000000116
Heuristic,502000,55,502054,,180,301,300,18,21,9,self,self,False,True,False,0.10631229235880399,167.18000000000026
Heuristic,502000,56,502055,,450,749,748,45,48,19,self,self,False,True,False,0.12550066755674233,432.97000000000423
Heuristic,502000,57,502056,,360,631,630,36,39,29,self,self,False,True,False,0.12995245641838352,344.06000000000313
Heuristic,502000,58,502057,,370,609,608,37,40,34,self,self,False,True,False,0.11986863711001643,354.2900000000034
Heuristic,502000,59,502058,,230,378,377,23,26,11,self,self,False,True,False,0.12169312169312169,216.46000000000123
Heuristic,502000,60,502059,,100,149,148,10,13,5,self,self,False,True,False,0.12751677852348994,88.61999999999983
Heuristic,502000,61,502060,,180,250,249,18,21,7,self,self,False,True,False,0.124,167.69000000000025
Heuristic,502000,62,502061,,170,272,271,17,20,15,self,self,False,True,False,0.1323529411764706,157.46000000000032
Heuristic,502000,63,502062,,200,306,305,20,23,5,self,self,False,True,False,0.14705882352941177,187.15000000000038
Heuristic,502000,64,502063,,170,237,236,17,20,7,self,self,False,True,False,0.13924050632911392,157.81000000000023
Heuristic,502000,65,502064,,330,543,542,33,36,13,self,self,False,True,False,0.1289134438305709,314.9100000000022
Heuristic,502000,66,502065,,330,401,400,33,36,15,self,self,False,True,False,0.14463840399002495,316.33000000000175
Heuristic,502000,67,502066,,240,307,306,24,27,9,self,self,False,True,False,0.14332247557003258,227.18000000000075
Heuristic,502000,68,502067,,220,279,278,22,25,8,self,self,False,True,False,0.13620071684587814,207.44000000000102
Heuristic,502000,69,502068,,400,716,715,40,43,33,self,self,False,True,False,0.1494413407821229,383.25000000000455
Heuristic,502000,70,502069,,330,600,599,33,36,4,self,self,False,True,False,0.12833333333333333,314.34000000000316
Heuristic,502000,71,502070,,150,209,208,15,18,6,self,self,False,True,False,0.12440191387559808,138.06999999999996
Heuristic,502000,72,502071,,190,222,221,19,22,5,self,self,False,True,False,0.14864864864864866,177.98000000000013
Heuristic,502000,73,502072,,300,403,402,30,33,16,self,self,False,True,False,0.15632754342431762,286.280000000002
Heuristic,502000,74,502073,,440,656,655,44,47,3,self,self,False,True,False,0.15091463414634146,423.8900000000038
Heuristic,502000,75,502074,,280,441,440,28,31,16,self,self,False,True,False,0.15419501133786848,265.88000000000204
Heuristic,502000,76,502075,,180,220,219,18,21,16,self,self,False,True,False,0.19090909090909092,167.9900000000004
Heuristic,502000,77,502076,,220,358,357,22,25,15,self,self,False,True,False,0.12849162011173185,206.65000000000077
Heuristic,502000,78,502077,,440,737,736,44,47,28,self,self,False,True,False,0.13025780189959293,423.0800000000045
Heuristic,502000,79,502078,,240,375,374,24,27,13,self,self,False,True,False,0.13066666666666665,226.50000000000102
Heuristic,502000,80,502079,,420,600,599,42,45,25,self,self,False,True,False,0.13,404.43000000000325
Heuristic,502000,81,502080,,110,141,140,11,14,7,self,self,False,True,False,0.15602836879432624,98.70999999999974
Heuristic,502000,82,502081,,180,267,266,18,21,13,self,self,False,True,False,0.1198501872659176,167.52000000000027
Heuristic,502000,83,502082,,400,599,598,40,43,32,self,self,False,True,False,0.12520868113522537,384.42000000000286
Heuristic,502000,84,502083,,230,346,345,23,26,7,self,self,False,True,False,0.12716763005780346,216.78000000000065
Heuristic,502000,85,502084,,170,210,209,17,20,4,self,self,False,True,False,0.12380952380952381,158.0799999999998
Heuristic,502000,86,502085,,230,377,376,23,26,16,self,self,False,True,False,0.11140583554376658,216.47000000000088
Heuristic,502000,87,502086,,210,249,248,21,24,7,self,self,False,True,False,0.15261044176706828,197.73000000000064
Heuristic,502000,88,502087,,80,63,62,8,11,2,self,self,False,True,False,0.20634920634920634,69.46000000000001
Heuristic,502000,89,502088,,180,224,223,18,21,6,self,self,False,True,False,0.15625,167.95000000000044
Heuristic,502000,90,502089,,160,205,204,16,19,3,self,self,False,True,False,0.14146341463414633,148.1200000000002
Heuristic,502000,91,502090,,120,111,110,12,15,3,self,self,False,True,False,0.22522522522522523,109.01999999999983
Heuristic,502000,92,502091,,260,367,366,26,29,9,self,self,False,True,False,0.14713896457765668,246.60000000000133
Heuristic,502000,93,502092,,260,404,403,26,29,8,self,self,False,True,False,0.12376237623762376,246.23000000000133
Heuristic,502000,94,502093,,290,444,443,29,32,8,self,self,False,True,False,0.12837837837837837,275.86000000000195
Heuristic,502000,95,502094,,270,315,314,27,30,16,self,self,False,True,False,0.14603174603174604,257.13000000000136
Heuristic,502000,96,502095,,320,418,417,32,35,11,self,self,False,True,False,0.14114832535885166,306.1500000000015
Heuristic,502000,97,502096,,200,317,316,20,23,11,self,self,False,True,False,0.12933753943217666,187.04000000000048
Heuristic,502000,98,502097,,280,385,384,28,31,16,self,self,False,True,False,0.14545454545454545,266.44000000000153
Heuristic,502000,99,502098,,170,217,216,17,20,10,self,self,False,True,False,0.15668202764976957,158.0100000000001
Heuristic,502000,100,502099,,190,267,266,19,22,17,self,self,False,True,False,0.12734082397003746,177.53000000000034
Classic,502000,1,502000,,350,615,614,35,38,8,self,self,False,True,False,0.6536585365853659,334.2100000000024
Classic,502000,2,502001,,340,589,588,34,37,10,self,self,False,True,False,0.5789473684210527,324.4600000000024
Classic,502000,3,502002,,460,777,776,46,49,11,self,self,False,True,False,0.5855855855855856,442.7000000000046
Classic,502000,4,502003,,390,751,750,39,42,24,self,self,False,True,False,0.5499334221038615,372.8900000000035
Classic,502000,5,502004,,120,204,203,12,15,48,self,self,False,True,False,0.6519607843137255,108.08999999999952
Classic,502000,6,502005,,40,42,41,4,7,1,self,self,False,True,False,0.8095238095238095,29.62999999999998
Classic,502000,7,502006,,270,509,508,27,30,39,self,self,False,True,False,0.6149312377210217,255.19000000000153
Classic,502000,8,502007,,330,527,526,33,36,2,self,self,False,True,False,0.6166982922201139,315.0700000000018
Classic,502000,9,502008,,410,788,787,41,44,18,self,self,False,True,False,0.6218274111675127,392.54000000000417
Classic,502000,10,502009,,430,666,665,43,46,18,self,self,False,True,False,0.6081081081081081,413.7800000000042
Classic,502000,11,502010,,270,459,458,27,30,24,self,self,False,True,False,0.5838779956427015,255.69000000000227
Classic,502000,12,502011,,320,605,604,32,35,16,self,self,False,True,False,0.656198347107438,304.2800000000024
Classic,502000,13,502012,,350,660,659,35,38,34,self,self,False,True,False,0.6287878787878788,333.76000000000363
Classic,502000,14,502013,,190,356,355,19,22,13,self,self,False,True,False,0.6685393258426966,176.6400000000003
Classic,502000,15,502014,,410,649,648,41,44,15,self,self,False,True,False,0.6040061633281972,393.93000000000336
Classic,502000,16,502015,,330,499,498,33,36,10,self,self,False,True,False,0.6032064128256514,315.3500000000017
Classic,502000,17,502016,,260,447,446,26,29,6,self,self,False,True,False,0.5570469798657718,245.8000000000016
Classic,502000,18,502017,,110,157,156,11,14,2,self,self,False,True,False,0.5987261146496815,98.5499999999997
Classic,502000,19,502018,,250,463,462,25,28,10,self,self,False,True,False,0.5529157667386609,235.63000000000238
Classic,502000,20,502019,,250,537,536,25,28,34,self,self,False,True,False,0.6294227188081937,234.89000000000146
Classic,502000,21,502020,,250,405,404,25,28,7,self,self,False,True,False,0.5925925925925926,236.21000000000137
Classic,502000,22,502021,,290,501,500,29,32,14,self,self,False,True,False,0.6227544910179641,275.29000000000104
Classic,502000,23,502022,,300,470,469,30,33,1,self,self,False,True,False,0.6276595744680851,285.610000000002
Classic,502000,24,502023,,190,434,433,19,22,6,self,self,False,True,False,0.6129032258064516,175.86000000000047
Classic,502000,25,502024,,120,205,204,12,15,10,wall,wall,False,True,False,0.7121951219512195,108.07999999999964
Classic,502000,26,502025,,390,565,564,39,42,2,self,self,False,True,False,0.6530973451327433,374.75000000000347
Classic,502000,27,502026,,230,508,507,23,26,2,self,self,False,True,False,0.6417322834645669,215.1600000000003
Classic,502000,28,502027,,250,432,431,25,28,11,self,self,False,True,False,0.5879629629629629,235.94000000000176
Classic,502000,29,502028,,240,443,442,24,27,7,self,self,False,True,False,0.7404063205417607,225.8200000000008
Classic,502000,30,502029,,150,172,171,15,18,6,self,self,False,True,False,0.6569767441860465,138.4399999999996
Classic,502000,31,502030,,150,297,296,15,18,3,self,self,False,True,False,0.6430976430976431,137.18999999999954
Classic,502000,32,502031,,240,490,489,24,27,22,self,self,False,True,False,0.6653061224489796,225.3500000000002
Classic,502000,33,502032,,110,185,184,11,14,1,wall,wall,False,True,False,0.6162162162162163,98.26999999999964
Classic,502000,34,502033,,370,742,741,37,40,25,self,self,False,True,False,0.5498652291105122,352.9600000000032
Classic,502000,35,502034,,240,435,434,24,27,1,wall,wall,False,True,False,0.6574712643678161,225.90000000000117
Classic,502000,36,502035,,110,194,193,11,14,18,self,self,False,True,False,0.6597938144329897,98.17999999999965
Classic,502000,37,502036,,170,315,314,17,20,1,wall,wall,False,True,False,0.5968253968253968,157.03000000000117
Classic,502000,38,502037,,310,517,516,31,34,3,self,self,False,True,False,0.6769825918762089,295.1500000000018
Classic,502000,39,502038,,210,357,356,21,24,10,self,self,False,True,False,0.5518207282913166,196.65000000000077
Classic,502000,40,502039,,260,501,500,26,29,5,self,self,False,True,False,0.6447105788423154,245.26000000000113
Classic,502000,41,502040,,300,531,530,30,33,10,wall,wall,False,True,False,0.6459510357815442,285.0000000000026
Classic,502000,42,502041,,310,588,587,31,34,28,self,self,False,True,False,0.5952380952380952,294.440000000003
Classic,502000,43,502042,,360,655,654,36,39,13,self,self,False,True,False,0.6152671755725191,343.82000000000363
Classic,502000,44,502043,,420,781,780,42,45,15,self,self,False,True,False,0.6248399487836107,402.62000000000376
Classic,502000,45,502044,,490,932,931,49,52,12,self,self,False,True,False,0.5847639484978541,471.18000000000495
Classic,502000,46,502045,,340,585,584,34,37,11,self,self,False,True,False,0.6683760683760683,324.50000000000256
Classic,502000,47,502046,,280,516,515,28,31,8,self,self,False,True,False,0.6182170542635659,265.1300000000024
Classic,502000,48,502047,,180,239,238,18,21,24,self,self,False,True,False,0.6610878661087866,167.8000000000005
Classic,502000,49,502048,,280,438,437,28,31,29,self,self,False,True,False,0.632420091324201,265.9100000000017
Classic,502000,50,502049,,400,755,754,40,43,11,self,self,False,True,False,0.6476821192052981,382.8600000000047
Classic,502000,51,502050,,380,666,665,38,41,17,self,self,False,True,False,0.6066066066066066,363.730000000004
Classic,502000,52,502051,,340,409,408,34,37,16,self,self,False,True,False,0.6454767726161369,326.26000000000215
Classic,502000,53,502052,,160,237,236,16,19,6,self,self,False,True,False,0.6075949367088608,147.8
Classic,502000,54,502053,,230,433,432,23,26,24,self,self,False,True,False,0.6120092378752887,215.91000000000057
Classic,502000,55,502054,,400,771,770,40,43,13,self,self,False,True,False,0.5966277561608301,382.70000000000425
Classic,502000,56,502055,,150,298,297,15,18,7,self,self,False,True,False,0.6006711409395973,137.1799999999996
Classic,502000,57,502056,,280,473,472,28,31,17,self,self,False,True,False,0.6617336152219874,265.56000000000137
Classic,502000,58,502057,,250,441,440,25,28,17,self,self,False,True,False,0.655328798185941,235.850000000001
Classic,502000,59,502058,,310,552,551,31,34,5,self,self,False,True,False,0.6648550724637681,294.80000000000246
Classic,502000,60,502059,,110,200,199,11,14,1,self,self,False,True,False,0.675,98.11999999999989
Classic,502000,61,502060,,440,928,927,44,47,18,self,self,False,True,False,0.6088362068965517,421.1700000000048
Classic,502000,62,502061,,200,376,375,20,23,26,self,self,False,True,False,0.5638297872340425,186.4500000000004
Classic,502000,63,502062,,160,267,266,16,19,3,self,self,False,True,False,0.6404494382022472,147.4999999999996
Classic,502000,64,502063,,370,639,638,37,40,26,wall,wall,False,True,False,0.5899843505477308,353.9900000000032
Classic,502000,65,502064,,150,293,292,15,18,5,self,self,False,True,False,0.5733788395904437,137.22999999999954
Classic,502000,66,502065,,220,271,270,22,25,7,self,self,False,True,False,0.6051660516605166,207.52000000000064
Classic,502000,67,502066,,140,194,193,14,17,5,self,self,False,True,False,0.6082474226804123,128.20999999999955
Classic,502000,68,502067,,130,148,147,13,16,5,self,self,False,True,False,0.6013513513513513,118.65999999999963
Classic,502000,69,502068,,300,540,539,30,33,27,self,self,False,True,False,0.5814814814814815,284.9100000000023
Classic,502000,70,502069,,300,545,544,30,33,15,self,self,False,True,False,0.6293577981651376,284.8600000000015
Classic,502000,71,502070,,190,344,343,19,22,3,self,self,False,True,False,0.5988372093023255,176.7600000000002
Classic,502000,72,502071,,210,319,318,21,24,1,wall,wall,False,True,False,0.677115987460815,197.030000000001
Classic,502000,73,502072,,330,502,501,33,36,7,self,self,False,True,False,0.6354581673306773,315.32000000000284
Classic,502000,74,502073,,200,336,335,20,23,4,self,self,False,True,False,0.5922619047619048,186.8500000000001
Classic,502000,75,502074,,140,218,217,14,17,6,self,self,False,True,False,0.6422018348623854,127.96999999999997
Classic,502000,76,502075,,80,115,114,8,11,5,self,self,False,True,False,0.7043478260869566,68.94000000000007
Classic,502000,77,502076,,290,454,453,29,32,10,self,self,False,True,False,0.5947136563876652,275.7600000000012
Classic,502000,78,502077,,20,81,80,2,5,1,wall,wall,False,True,False,0.6666666666666666,9.220000000000013
Classic,502000,79,502078,,140,255,254,14,17,1,self,self,False,True,False,0.6823529411764706,127.59999999999957
Classic,502000,80,502079,,90,162,161,9,12,22,wall,wall,False,True,False,0.6111111111111112,78.47999999999983
Classic,502000,81,502080,,130,182,181,13,16,7,self,self,False,True,False,0.6263736263736264,118.31999999999977
Classic,502000,82,502081,,270,455,454,27,30,6,self,self,False,True,False,0.6703296703296703,255.73000000000138
Classic,502000,83,502082,,280,497,496,28,31,22,self,self,False,True,False,0.6056338028169014,265.3200000000016
Classic,502000,84,502083,,140,228,227,14,17,5,self,self,False,True,False,0.6052631578947368,127.86999999999955
Classic,502000,85,502084,,280,409,408,28,31,13,self,self,False,True,False,0.6136919315403423,266.2000000000012
Classic,502000,86,502085,,420,848,847,42,45,20,self,self,False,True,False,0.5106132075471698,401.9500000000047
Classic,502000,87,502086,,280,453,452,28,31,38,self,self,False,True,False,0.5761589403973509,265.76000000000215
Classic,502000,88,502087,,420,787,786,42,45,16,self,self,False,True,False,0.6124523506988564,402.56000000000483
Classic,502000,89,502088,,190,267,266,19,22,1,self,self,False,True,False,0.6891385767790262,177.53000000000048
Classic,502000,90,502089,,220,367,366,22,25,71,self,self,False,True,False,0.5367847411444142,206.56000000000188
Classic,502000,91,502090,,210,285,284,21,24,14,self,self,False,True,False,0.7087719298245614,197.3700000000011
Classic,502000,92,502091,,300,407,406,30,33,31,self,self,False,True,False,0.6117936117936118,286.2400000000017
Classic,502000,93,502092,,220,352,351,22,25,17,self,self,False,True,False,0.6363636363636364,206.71000000000055
Classic,502000,94,502093,,50,76,75,5,8,4,wall,wall,False,True,False,0.6973684210526315,39.299999999999976
Classic,502000,95,502094,,400,478,477,40,43,4,self,self,False,True,False,0.5899581589958159,385.6300000000026
Classic,502000,96,502095,,350,625,624,35,38,11,wall,wall,False,True,False,0.6192,334.11000000000297
Classic,502000,97,502096,,400,703,702,40,43,12,self,self,False,True,False,0.6017069701280228,383.3800000000039
Classic,502000,98,502097,,370,618,617,37,40,12,self,self,False,True,False,0.5776699029126213,354.20000000000334
Classic,502000,99,502098,,170,251,250,17,20,10,self,self,False,True,False,0.6454183266932271,157.67000000000013
Classic,502000,100,502099,,270,450,449,27,30,11,self,self,False,True,False,0.6422222222222222,255.78000000000122
Strategy,502000,1,502000,,300,459,458,30,33,8,self,self,False,True,False,0.40522875816993464,285.7200000000014
Strategy,502000,2,502001,,40,86,85,4,7,1,self,self,False,True,False,0.4069767441860465,29.189999999999905
Strategy,502000,3,502002,,470,683,682,47,50,27,self,self,False,True,False,0.40995607613469986,453.6500000000041
Strategy,502000,4,502003,,360,657,656,36,39,12,self,self,False,True,False,0.3455098934550989,343.8000000000029
Strategy,502000,5,502004,,270,384,383,27,30,13,self,self,False,True,False,0.4010416666666667,256.44000000000153
Strategy,502000,6,502005,,230,321,320,23,26,12,self,self,False,True,False,0.5202492211838006,217.03000000000083
Strategy,502000,7,502006,,250,438,437,25,28,12,self,self,False,True,False,0.3972602739726027,235.88000000000113
Strategy,502000,8,502007,,260,405,404,26,29,9,self,self,False,True,False,0.362962962962963,246.2200000000014
Strategy,502000,9,502008,,240,390,389,24,27,11,self,self,False,True,False,0.4153846153846154,226.350000000001
Strategy,502000,10,502009,,150,151,150,15,18,3,self,self,False,True,False,0.45695364238410596,138.6499999999998
Strategy,502000,11,502010,,360,612,611,36,39,22,wall,wall,False,True,False,0.4117647058823529,344.2500000000037
Strategy,502000,12,502011,,170,235,234,17,20,8,self,self,False,True,False,0.42127659574468085,157.8300000000001
Strategy,502000,13,502012,,310,459,458,31,34,8,self,self,False,True,False,0.35076252723311546,295.73000000000206
Strategy,502000,14,502013,,240,410,409,24,27,8,self,self,False,True,False,0.3926829268292683,226.15000000000137
Strategy,502000,15,502014,,250,352,351,25,28,4,self,self,False,True,False,0.4346590909090909,236.74000000000092
Strategy,502000,16,502015,,170,228,227,17,20,2,self,self,False,True,False,0.41228070175438597,157.9000000000001
Strategy,502000,17,502016,,150,218,217,15,18,1,self,self,False,True,False,0.40825688073394495,137.9799999999999
Strategy,502000,18,502017,,190,311,310,19,22,32,self,self,False,True,False,0.4405144694533762,177.09000000000066
Strategy,502000,19,502018,,230,363,362,23,26,15,self,self,False,True,False,0.39118457300275483,216.6100000000015
Strategy,502000,20,502019,,370,680,679,37,40,11,self,self,False,True,False,0.36617647058823527,353.58000000000277
Strategy,502000,21,502020,,200,319,318,20,23,5,self,self,False,True,False,0.3667711598746082,187.0200000000006
Strategy,502000,22,502021,,290,398,397,29,32,9,self,self,False,True,False,0.39949748743718594,276.3200000000015
Strategy,502000,23,502022,,300,446,445,30,33,5,self,self,False,True,False,0.4103139013452915,285.85000000000196
Strategy,502000,24,502023,,320,461,460,32,35,29,self,self,False,True,False,0.5097613882863341,305.72000000000196
Strategy,502000,25,502024,,310,482,481,31,34,8,self,self,False,True,False,0.3755186721991701,295.50000000000244
Strategy,502000,26,502025,,320,375,374,32,35,26,self,self,False,True,False,0.42133333333333334,306.58000000000186
Strategy,502000,27,502026,,120,176,175,12,15,1,wall,wall,False,True,False,0.39204545454545453,108.36999999999958
Strategy,502000,28,502027,,360,620,619,36,39,1,self,self,False,True,False,0.45161290322580644,344.1700000000031
Strategy,502000,29,502028,,220,304,303,22,25,15,self,self,False,True,False,0.4407894736842105,207.19000000000077
Strategy,502000,30,502029,,410,609,608,41,44,14,self,self,False,True,False,0.42528735632183906,394.3300000000035
Strategy,502000,31,502030,,430,784,783,43,46,26,self,self,False,True,False,0.36096938775510207,412.60000000000394
Strategy,502000,32,502031,,410,676,675,41,44,26,self,self,False,True,False,0.3905325443786982,393.660000000003
Strategy,502000,33,502032,,170,267,266,17,20,8,self,self,False,True,False,0.40074906367041196,157.50999999999993
Strategy,502000,34,502033,,280,434,433,28,31,1,self,self,False,True,False,0.37557603686635943,265.95000000000095
Strategy,502000,35,502034,,70,116,115,7,10,1,wall,wall,False,True,False,0.35344827586206895,58.92000000000007
Strategy,502000,36,502035,,350,529,528,35,38,11,wall,wall,False,True,False,0.3610586011342155,335.0700000000023
Strategy,502000,37,502036,,540,892,891,54,57,4,self,self,False,True,False,0.39125560538116594,521.6300000000061
Strategy,502000,38,502037,,300,490,489,30,33,4,self,self,False,True,False,0.37755102040816324,285.410000000002
Strategy,502000,39,502038,,370,613,612,37,40,32,self,self,False,True,False,0.3898858075040783,354.2500000000034
Strategy,502000,40,502039,,240,406,405,24,27,4,self,self,False,True,False,0.3916256157635468,226.1900000000008
Strategy,502000,41,502040,,130,150,149,13,16,2,self,self,False,True,False,0.41333333333333333,118.63999999999976
Strategy,502000,42,502041,,230,316,315,23,26,9,self,self,False,True,False,0.4050632911392405,217.08000000000075
Strategy,502000,43,502042,,280,507,506,28,31,3,self,self,False,True,False,0.3826429980276134,265.22000000000287
Strategy,502000,44,502043,,240,378,377,24,27,11,self,self,False,True,False,0.38095238095238093,226.47000000000088
Strategy,502000,45,502044,,370,645,644,37,40,11,self,self,False,True,False,0.32248062015503876,353.93000000000313
Strategy,502000,46,502045,,460,777,776,46,49,27,self,self,False,True,False,0.33462033462033464,442.70000000000465
Strategy,502000,47,502046,,250,415,414,25,28,13,self,self,False,True,False,0.41686746987951806,236.11000000000172
Strategy,502000,48,502047,,310,422,421,31,34,9,self,self,False,True,False,0.4431279620853081,296.1000000000022
Strategy,502000,49,502048,,340,516,515,34,37,10,self,self,False,True,False,0.436046511627907,325.1900000000023
Strategy,502000,50,502049,,290,444,443,29,32,17,self,self,False,True,False,0.44819819819819817,275.86000000000206
Strategy,502000,51,502050,,160,203,202,16,19,5,self,self,False,True,False,0.4975369458128079,148.14
Strategy,502000,52,502051,,410,562,561,41,44,22,self,self,False,True,False,0.4128113879003559,394.8000000000034
Strategy,502000,53,502052,,260,398,397,26,29,11,self,self,False,True,False,0.34673366834170855,246.29000000000156
Strategy,502000,54,502053,,460,770,769,46,49,12,self,self,False,True,False,0.35584415584415585,442.77000000000385
Strategy,502000,55,502054,,290,519,518,29,32,3,self,self,False,True,False,0.3911368015414258,275.11000000000234
Strategy,502000,56,502055,,440,700,699,44,47,4,self,self,False,True,False,0.39571428571428574,423.45000000000346
Strategy,502000,57,502056,,150,240,239,15,18,14,self,self,False,True,False,0.375,137.75999999999985
Strategy,502000,58,502057,,310,466,465,31,34,12,self,self,False,True,False,0.4613733905579399,295.66000000000173
Strategy,502000,59,502058,,250,400,399,25,28,2,self,self,False,True,False,0.42,236.26000000000136
Strategy,502000,60,502059,,260,391,390,26,29,9,self,self,False,True,False,0.3734015345268542,246.3600000000011
Strategy,502000,61,502060,,500,883,882,50,53,50,self,self,False,True,False,0.3873159682899207,481.6800000000055
Strategy,502000,62,502061,,270,440,439,27,30,8,self,self,False,True,False,0.4,255.88000000000181
Strategy,502000,63,502062,,440,646,645,44,47,17,self,self,False,True,False,0.4086687306501548,423.990000000003
Strategy,502000,64,502063,,160,240,239,16,19,6,self,self,False,True,False,0.3625,147.77000000000012
Strategy,502000,65,502064,,550,1008,1007,55,58,11,self,self,False,True,False,0.39186507936507936,530.4800000000056
Strategy,502000,66,502065,,370,544,543,37,40,13,self,self,False,True,False,0.38235294117647056,354.9400000000029
Strategy,502000,67,502066,,200,287,286,20,23,3,self,self,False,True,False,0.47735191637630664,187.3400000000004
Strategy,502000,68,502067,,280,392,391,28,31,2,self,self,False,True,False,0.413265306122449,266.3700000000017
Strategy,502000,69,502068,,300,459,458,30,33,24,self,self,False,True,False,0.4117647058823529,285.7200000000021
Strategy,502000,70,502069,,330,549,548,33,36,6,self,self,False,True,False,0.3679417122040073,314.85000000000275
Strategy,502000,71,502070,,330,504,503,33,36,13,wall,wall,False,True,False,0.3869047619047619,315.30000000000246
Strategy,502000,72,502071,,230,279,278,23,26,3,self,self,False,True,False,0.4121863799283154,217.45000000000056
Strategy,502000,73,502072,,340,455,454,34,37,18,self,self,False,True,False,0.4461538461538462,325.80000000000246
Strategy,502000,74,502073,,200,302,301,20,23,3,self,self,False,True,False,0.4271523178807947,187.19000000000057
Strategy,502000,75,502074,,270,397,396,27,30,9,self,self,False,True,False,0.43073047858942065,256.31000000000176
Strategy,502000,76,502075,,280,382,381,28,31,2,self,self,False,True,False,0.4895287958115183,266.4700000000016
Strategy,502000,77,502076,,220,338,337,22,25,5,self,self,False,True,False,0.363905325443787,206.8500000000006
Strategy,502000,78,502077,,280,447,446,28,31,17,self,self,False,True,False,0.4451901565995526,265.8200000000014
Strategy,502000,79,502078,,140,275,274,14,17,1,self,self,False,True,False,0.3927272727272727,127.39999999999961
Strategy,502000,80,502079,,380,638,637,38,41,60,self,self,False,True,False,0.3777429467084639,364.0100000000034
Strategy,502000,81,502080,,130,148,147,13,16,5,self,self,False,True,False,0.4527027027027027,118.6599999999998
Strategy,502000,82,502081,,380,633,632,38,41,17,self,self,False,True,False,0.4218009478672986,364.06000000000347
Strategy,502000,83,502082,,520,834,833,52,55,24,self,self,False,True,False,0.38848920863309355,502.19000000000506
Strategy,502000,84,502083,,430,743,742,43,46,12,self,self,False,True,False,0.3620457604306864,413.0100000000041
Strategy,502000,85,502084,,210,288,287,21,24,14,self,self,False,True,False,0.4444444444444444,197.34000000000043
Strategy,502000,86,502085,,470,817,816,47,50,22,self,self,False,True,False,0.4039167686658507,452.3100000000045
Strategy,502000,87,502086,,200,270,269,20,23,8,self,self,False,True,False,0.42592592592592593,187.51000000000067
Strategy,502000,88,502087,,370,600,599,37,40,32,wall,wall,False,True,False,0.35333333333333333,354.38000000000363
Strategy,502000,89,502088,,110,130,129,11,14,3,self,self,False,True,False,0.4461538461538462,98.81999999999991
Strategy,502000,90,502089,,160,176,175,16,19,3,self,self,False,True,False,0.5,148.41000000000025
Strategy,502000,91,502090,,330,458,457,33,36,19,self,self,False,True,False,0.4017467248908297,315.7600000000026
Strategy,502000,92,502091,,190,265,264,19,22,7,self,self,False,True,False,0.44528301886792454,177.5500000000005
Strategy,502000,93,502092,,260,374,373,26,29,12,self,self,False,True,False,0.38235294117647056,246.53000000000128
Strategy,502000,94,502093,,290,401,400,29,32,3,self,self,False,True,False,0.3690773067331671,276.2900000000015
Strategy,502000,95,502094,,230,277,276,23,26,1,self,self,False,True,False,0.41155234657039713,217.470000000001
Strategy,502000,96,502095,,150,222,221,15,18,23,self,self,False,True,False,0.4189189189189189,137.94000000000005
Strategy,502000,97,502096,,200,279,278,20,23,8,self,self,False,True,False,0.36200716845878134,187.42000000000064
Strategy,502000,98,502097,,160,220,219,16,19,1,self,self,False,True,False,0.35909090909090907,147.9699999999999
Strategy,502000,99,502098,,570,1071,1070,57,60,69,self,self,False,True,False,0.39215686274509803,549.8700000000074
Strategy,502000,100,502099,,270,406,405,27,30,3,self,self,False,True,False,0.3793103448275862,256.2200000000014
