episode,episode_reward,score,epsilon,training_loss,moving_average_score,steps,steps_survived,food_collected,terminated,truncated,end_reason,environment_steps,optimizer_updates
1,-10.3,0,0.9997055,,0,31,30,0,True,False,wall,31,0
2,-10.64,0,0.999088,,0,65,64,0,True,False,wall,96,0
3,-10.72,0,0.9983945,,0,73,72,0,True,False,wall,169,0
4,-10.73,0,0.9976915,,0,74,73,0,True,False,wall,243,0
5,-10.28,0,0.997416,,0,29,28,0,True,False,wall,272,0
6,-10.97,0,0.996485,,0,98,97,0,True,False,wall,370,0
7,-10.67,0,0.995839,,0,68,67,0,True,False,wall,438,0
8,-10.46,0,0.9953925,,0,47,46,0,True,False,wall,485,0
9,-10.19,0,0.9952025,,0,20,19,0,True,False,wall,505,0
10,-10.2,0,0.995003,,0,21,20,0,True,False,wall,526,0
11,-10.780000000000001,0,0.9942525,,0,79,78,0,True,False,wall,605,0
12,-10.27,0,0.9939865,,0,28,27,0,True,False,wall,633,0
13,-10.96,0,0.993065,,0,97,96,0,True,False,wall,730,0
14,-10.700000000000001,0,0.9923905,,0,71,70,0,True,False,wall,801,0
15,-10.23,0,0.9921625,,0,24,23,0,True,False,wall,825,0
16,-10.36,0,0.991811,,0,37,36,0,True,False,wall,862,0
17,-10.49,0,0.991336,,0,50,49,0,True,False,wall,912,0
18,-10.26,0,0.9910795,,0,27,26,0,True,False,wall,939,0
19,-10.51,0,0.9905855,,0,52,51,0,True,False,wall,991,0
20,-10.48,0,0.99012,0.153941937235438,0,49,48,0,True,False,wall,1040,11
21,-10.31,0,0.989816,0.2440791662374977,0,32,31,0,True,False,wall,1072,19
22,-10.32,0,0.9895025,0.16861685087314982,0,33,32,0,True,False,wall,1105,27
23,-10.82,0,0.988714,0.17083301013432597,0,83,82,0,True,False,wall,1188,48
24,-10.540000000000001,0,0.9881915,0.217158815863793,0,55,54,0,True,False,wall,1243,61
25,-11.32,0,0.986928,0.16937279752442813,0,133,132,0,True,False,wall,1376,95
26,-10.77,0,0.986187,0.14633307097200918,0,78,77,0,True,False,wall,1454,114
27,-10.780000000000001,0,0.9854365,0.1453118758799974,0,79,78,0,True,False,wall,1533,134
28,-10.33,0,0.9851135,0.12655832373820886,0,34,33,0,True,False,wall,1567,142
29,-10.780000000000001,0,0.984363,0.1361609562052763,0,79,78,0,True,False,wall,1646,162
30,-10.38,0,0.9839925,0.27099246756406503,0,39,38,0,True,False,wall,1685,172
31,-10.27,0,0.9837265,0.12212937441238735,0,28,27,0,True,False,wall,1713,179
32,-10.34,0,0.983394,0.1415624141712518,0,35,34,0,True,False,wall,1748,188
33,-10.46,0,0.9829475,0.20301484049625948,0,47,46,0,True,False,wall,1795,199
34,-11.05,0,0.9819405,0.23154240434437437,0,106,105,0,True,False,wall,1901,226
35,-10.19,0,0.9817505,0.21572760809212924,0,20,19,0,True,False,wall,1921,231
36,-10.290000000000001,0,0.9814655,0.0762222981346505,0,30,29,0,True,False,wall,1951,238
37,-10.92,0,0.980582,0.1668226423256177,0,93,92,0,True,False,wall,2044,262
38,-10.68,0,0.9799265,0.1259504925315816,0,69,68,0,True,False,wall,2113,279
39,-10.540000000000001,0,0.979404,0.1630205808822731,0,55,54,0,True,False,wall,2168,293
40,-10.28,0,0.9791285,0.09685109659663535,0,29,28,0,True,False,wall,2197,300
41,-10.4,0,0.978739,0.22113713207654656,0,41,40,0,True,False,wall,2238,310
42,-10.35,0,0.978397,0.10142765970279773,0,36,35,0,True,False,wall,2274,319
43,-10.98,0,0.9774565,0.10822332661133259,0,99,98,0,True,False,wall,2373,344
44,-10.49,0,0.9769815,0.10317329420164849,0,50,49,0,True,False,wall,2423,356
45,-10.84,0,0.976174,0.1037836393568961,0,85,84,0,True,False,wall,2508,378
46,-10.17,0,0.976003,0.11217556416522712,0,18,17,0,True,False,wall,2526,382
47,-10.24,0,0.9757655,0.06225054097982744,0,25,24,0,True,False,wall,2551,388
48,-10.33,0,0.9754425,0.1004518366082468,0,34,33,0,True,False,wall,2585,397
49,-10.21,0,0.9752335,0.10811480812262744,0,22,21,0,True,False,wall,2607,402
50,-11.620000000000001,0,0.973685,0.080345389485734,0,163,162,0,True,False,wall,2770,443
51,-10.57,0,0.973134,0.07142285781446844,0,58,57,0,True,False,wall,2828,458
52,-11.110000000000001,0,0.97207,0.04046555789370489,0,112,111,0,True,False,wall,2940,486
53,-10.4,0,0.9716805,0.015878189145587383,0,41,40,0,True,False,wall,2981,496
54,-10.38,0,0.97131,0.03692185980034992,0,39,38,0,True,False,wall,3020,506
55,-10.5,0,0.9708255,0.04780502401990816,0,51,50,0,True,False,wall,3071,518
56,-11.0,0,0.969866,0.03351315922694854,0,101,100,0,True,False,wall,3172,544
57,-10.89,0,0.969011,0.020745661051478237,0,90,89,0,True,False,wall,3262,566
58,-10.46,0,0.9685645,0.06891403664485551,0,47,46,0,True,False,wall,3309,578
59,-10.36,0,0.968213,0.028992003709491756,0,37,36,0,True,False,wall,3346,587
60,-10.860000000000001,0,0.9673865,0.030711724354081194,0,87,86,0,True,False,wall,3433,609
61,-10.860000000000001,0,0.96656,0.03647595534990118,0,87,86,0,True,False,wall,3520,631
62,-10.370000000000001,0,0.966199,0.052039305576019816,0,38,37,0,True,False,wall,3558,640
63,-10.27,0,0.965933,0.023297428569224263,0,28,27,0,True,False,wall,3586,647
64,-10.24,0,0.9656955,0.035549624221554645,0,25,24,0,True,False,wall,3611,653
65,-10.96,0,0.964774,0.030192499933764338,0,97,96,0,True,False,wall,3708,678
66,-10.21,0,0.964565,0.02242899249540642,0,22,21,0,True,False,wall,3730,683
67,-10.55,0,0.964033,0.01466433088977023,0,56,55,0,True,False,wall,3786,697
68,-10.34,0,0.9637005,0.04962444516261005,0,35,34,0,True,False,wall,3821,706
69,-10.59,0,0.9631305,0.0287621564619864,0,60,59,0,True,False,wall,3881,721
70,-0.34999999999999254,10,0.962779,0.02964841835718188,0.14285714285714285,37,36,1,True,False,wall,3918,730
71,-10.41,0,0.96238,0.03207708213647658,0.14084507042253522,42,41,0,True,False,wall,3960,741
72,-10.49,0,0.961905,0.025898235840334866,0.1388888888888889,50,49,0,True,False,wall,4010,753
73,-10.450000000000001,0,0.961468,0.024580153132167954,0.136986301369863,46,45,0,True,False,wall,4056,765
74,-0.4799999999999933,10,0.960993,0.019396253056280937,0.2702702702702703,50,49,1,True,False,wall,4106,777
75,-10.63,0,0.960385,0.014690322350361384,0.26666666666666666,64,63,0,True,False,wall,4170,793
76,-10.41,0,0.959986,0.031217480247670956,0.2631578947368421,42,41,0,True,False,wall,4212,804
77,-0.9699999999999829,10,0.9590455,0.01729999007269119,0.38961038961038963,99,98,1,True,False,wall,4311,828
78,-1.0699999999999772,10,0.95801,0.031203490985457653,0.5128205128205128,109,108,1,True,False,wall,4420,856
79,-10.860000000000001,0,0.9571835,0.024295037451554976,0.5063291139240507,87,86,0,True,False,wall,4507,877
80,-10.58,0,0.956623,0.008336855036516985,0.5,59,58,0,True,False,wall,4566,892
81,-10.35,0,0.956281,0.021260963507100113,0.49382716049382713,36,35,0,True,False,wall,4602,901
82,-10.47,0,0.955825,0.0038544300963015607,0.4878048780487805,48,47,0,True,False,wall,4650,913
83,-10.3,0,0.9555305000000001,0.02219476696336642,0.4819277108433735,31,30,0,True,False,wall,4681,921
84,-10.43,0,0.9551125,0.016798105535351417,0.47619047619047616,44,43,0,True,False,wall,4725,932
85,-10.41,0,0.9547135,0.0023607917013578118,0.47058823529411764,42,41,0,True,False,wall,4767,942
86,-10.76,0,0.953982,0.003502175287576392,0.46511627906976744,77,76,0,True,False,wall,4844,962
87,-11.430000000000001,0,0.952614,0.0025940321437600586,0.45977011494252873,144,143,0,True,False,wall,4988,998
88,-10.82,0,0.9518255,0.01706936956034042,0.45454545454545453,83,82,0,True,False,wall,5071,1018
89,-10.49,0,0.9513505,0.01413066339535782,0.449438202247191,50,49,0,True,False,wall,5121,1031
90,-11.330000000000002,0,0.9500775,0.015930400450474048,0.4444444444444444,134,133,0,True,False,wall,5255,1064
91,-10.42,0,0.949669,0.0022189826651645653,0.43956043956043955,43,42,0,True,False,wall,5298,1075
92,-0.49999999999999467,10,0.949175,0.01366683127036175,0.5434782608695652,52,51,1,True,False,wall,5350,1088
93,-10.32,0,0.9488615,0.001900753180962056,0.5376344086021505,33,32,0,True,False,wall,5383,1096
94,-10.38,0,0.948491,0.001666475075762719,0.5319148936170213,39,38,0,True,False,wall,5422,1106
95,-11.430000000000001,0,0.947123,0.018210286127416313,0.5263157894736842,144,143,0,True,False,wall,5566,1142
96,-10.55,0,0.946591,0.012338410110844831,0.5208333333333334,56,55,0,True,False,wall,5622,1156
97,-10.67,0,0.945945,0.010896444765796117,0.5154639175257731,68,67,0,True,False,wall,5690,1173
98,-10.8,0,0.9451755,0.009091751521918923,0.5102040816326531,81,80,0,True,False,wall,5771,1193
99,-11.120000000000001,0,0.944102,0.011888626252365267,0.5050505050505051,113,112,0,True,False,wall,5884,1222
100,-10.32,0,0.9437885,0.0014393509263754822,0.5,33,32,0,True,False,wall,5917,1230
101,-10.71,0,0.9431045,0.0017201406460824525,0.5,72,71,0,True,False,wall,5989,1248
102,-12.919999999999982,0,0.940321,0.0137697572154886,0.5,293,292,0,True,False,wall,6282,1321
103,-10.290000000000001,0,0.940036,0.0016887747478904203,0.5,30,29,0,True,False,wall,6312,1329
104,-10.290000000000001,0,0.939751,0.02369185121330832,0.5,30,29,0,True,False,wall,6342,1336
105,-10.6,0,0.9391715,0.011832271527964622,0.5,61,60,0,True,False,wall,6403,1351
106,-10.6,0,0.938592,0.0016342751478077844,0.5,61,60,0,True,False,wall,6464,1367
107,-10.5,0,0.9381075,0.0014410120032456082,0.5,51,50,0,True,False,wall,6515,1379
108,-0.7699999999999854,10,0.937357,0.02417497129063122,0.6,79,78,1,True,False,wall,6594,1399
109,-0.5099999999999891,10,0.9368535,0.0016963840910018636,0.7,53,52,1,True,False,wall,6647,1412
110,9.579999999999977,20,0.936426,0.02627557083663608,0.9,45,44,2,True,False,self,6692,1424
111,-10.68,0,0.9357705000000001,0.019497268281959218,0.9,69,68,0,True,False,wall,6761,1441
112,-11.64,0,0.934203,0.008635475799986502,0.9,165,164,0,True,False,wall,6926,1482
113,-10.16,0,0.9340415,0.001729758077999577,0.9,17,16,0,True,False,wall,6943,1486
114,-10.13,0,0.9339085,0.03891858790302649,0.9,14,13,0,True,False,wall,6957,1490
115,-11.990000000000002,0,0.9320085,0.0196327458077576,0.9,200,199,0,True,False,wall,7157,1540
116,-10.6,0,0.9314290000000001,0.011219620223467548,0.9,61,60,0,True,False,wall,7218,1555
117,-10.47,0,0.930973,0.0011287240680151929,0.9,48,47,0,True,False,wall,7266,1567
118,-12.249999999999996,0,0.928826,0.014155958505478083,0.9,226,225,0,True,False,wall,7492,1624
119,-10.68,0,0.9281705,0.0101871564915842,0.9,69,68,0,True,False,wall,7561,1641
120,-11.05,0,0.9271635,0.006819782077890033,0.9,106,105,0,True,False,wall,7667,1667
121,-10.26,0,0.926907,0.022173434412772104,0.9,27,26,0,True,False,wall,7694,1674
122,-10.58,0,0.9263465,0.011252681033996244,0.9,59,58,0,True,False,wall,7753,1689
123,-10.55,0,0.9258145,0.0019793472435724524,0.9,56,55,0,True,False,wall,7809,1703
124,-0.8999999999999861,10,0.9249405,0.0013824503757464497,1,92,91,1,True,False,wall,7901,1726
125,-10.22,0,0.924722,0.05076280798918257,1,23,22,0,True,False,wall,7924,1732
126,-10.17,0,0.924551,0.0012235567846801132,1,18,17,0,True,False,wall,7942,1736
127,-10.47,0,0.924095,0.013507489250817647,1,48,47,0,True,False,wall,7990,1748
128,-11.030000000000001,0,0.923107,0.02445429925305339,1,104,103,0,True,False,wall,8094,1774
129,-10.52,0,0.9226035,0.01268449117644475,1,53,52,0,True,False,wall,8147,1787
130,-10.35,0,0.9222615,0.0008775085508305994,1,36,35,0,True,False,wall,8183,1796
131,-0.38999999999999346,10,0.921872,0.00128890528999777,1.1,41,40,1,True,False,wall,8224,1807
132,-10.4,0,0.9214825,0.016013299144105986,1.1,41,40,0,True,False,wall,8265,1817
133,-10.47,0,0.9210265,0.014491253578550337,1.1,48,47,0,True,False,wall,8313,1829
134,-10.68,0,0.920371,0.0016238729825572057,1.1,69,68,0,True,False,wall,8382,1846
135,-10.88,0,0.9195255,0.014734964804533362,1.1,89,88,0,True,False,wall,8471,1868
136,-11.540000000000001,0,0.918053,0.008662715478865907,1.1,155,154,0,True,False,wall,8626,1907
137,-10.65,0,0.917426,0.0008451794873347835,1.1,66,65,0,True,False,wall,8692,1924
138,-10.49,0,0.916951,0.013292166414127374,1.1,50,49,0,True,False,wall,8742,1936
139,-0.509999999999998,10,0.9164475,0.03524369276755561,1.2,53,52,1,True,False,wall,8795,1949
140,-10.36,0,0.916096,0.016446821944555268,1.2,37,36,0,True,False,wall,8832,1959
141,-10.39,0,0.915716,0.015826445081620476,1.2,40,39,0,True,False,wall,8872,1969
142,-10.51,0,0.915222,0.03542879991493045,1.2,52,51,0,True,False,wall,8924,1982
143,-10.98,0,0.9142815,0.0070124803205544595,1.2,99,98,0,True,False,wall,9023,2006
144,-11.07,0,0.9132555,0.006689480899324364,1.2,108,107,0,True,False,wall,9131,2033
145,-11.07,0,0.9122295,0.006804883970525461,1.2,108,107,0,True,False,wall,9239,2060
146,-10.13,0,0.9120965,0.0008048166855587624,1.2,14,13,0,True,False,wall,9253,2064
147,-10.17,0,0.9119254999999999,0.0010820666648214683,1.2,18,17,0,True,False,wall,9271,2068
148,-10.27,0,0.9116595,0.0006366954683991415,1.2,28,27,0,True,False,wall,9299,2075
149,-11.41,0,0.9103105,0.0008539827694120402,1.2,142,141,0,True,False,wall,9441,2111
150,-10.55,0,0.9097785,0.0009910634752096875,1.2,56,55,0,True,False,wall,9497,2125
151,-10.12,0,0.909655,0.0007792561858271559,1.2,13,12,0,True,False,wall,9510,2128
152,-0.45999999999999197,10,0.909199,0.01324363333939497,1.3,48,47,1,True,False,wall,9558,2140
153,-10.700000000000001,0,0.9085245,0.0008800292837097206,1.3,71,70,0,True,False,wall,9629,2158
154,-10.88,0,0.907679,0.014404853522798723,1.3,89,88,0,True,False,wall,9718,2180
155,-10.22,0,0.9074605,0.0014606593855811905,1.3,23,22,0,True,False,wall,9741,2186
156,-10.91,0,0.9065865,0.013942417792429256,1.3,92,91,0,True,False,wall,9833,2209
157,-10.290000000000001,0,0.9063015,0.0008905338805301913,1.3,30,29,0,True,False,wall,9863,2216
158,-1.8099999999999632,10,0.904563,0.01694678212199664,1.4,183,182,1,True,False,wall,10046,2262
159,-10.530000000000001,0,0.90405,0.001712819577993027,1.4,54,53,0,True,False,wall,10100,2276
160,-10.59,0,0.9034800000000001,0.020787285778593893,1.4,60,59,0,True,False,wall,10160,2291
161,-11.13,0,0.902397,0.01148433477646904,1.4,114,113,0,True,False,wall,10274,2319
162,-11.23,0,0.901219,0.0105005536489414,1.4,124,123,0,True,False,wall,10398,2350
163,-10.73,0,0.900516,0.016715524739610327,1.4,74,73,0,True,False,wall,10472,2369
164,-10.52,0,0.9000125,0.012119827975626461,1.4,53,52,0,True,False,wall,10525,2382
165,-10.58,0,0.899452,0.000795927143190056,1.4,59,58,0,True,False,wall,10584,2397
166,-10.52,0,0.8989485,0.0006565510859498038,1.4,53,52,0,True,False,wall,10637,2410
167,-10.35,0,0.8986065,0.0007238194876764384,1.4,36,35,0,True,False,wall,10673,2419
168,-10.5,0,0.898122,0.0005994223152251485,1.4,51,50,0,True,False,wall,10724,2432
169,-0.8999999999999897,10,0.897248,0.026495427901745246,1.5,92,91,1,True,False,wall,10816,2455
170,-10.860000000000001,0,0.8964215,0.0007838626417131829,1.4,87,86,0,True,False,wall,10903,2476
171,-10.22,0,0.896203,0.0005913007238026088,1.4,23,22,0,True,False,wall,10926,2482
172,-10.6,0,0.8956235,0.0005691764119546861,1.4,61,60,0,True,False,wall,10987,2497
173,-10.96,0,0.894702,0.012545702216448263,1.4,97,96,0,True,False,wall,11084,2522
174,-11.340000000000002,0,0.8934195,0.0143915945787519,1.3,135,134,0,True,False,wall,11219,2555
175,-10.16,0,0.893258,0.0007708190707489849,1.3,17,16,0,True,False,wall,11236,2560
176,-11.040000000000001,0,0.8922605,0.01814115776393849,1.3,105,104,0,True,False,wall,11341,2586
177,-10.52,0,0.891757,0.0010788054630840914,1.2,53,52,0,True,False,wall,11394,2599
178,-10.52,0,0.8912535,0.012343859978360482,1.1,53,52,0,True,False,wall,11447,2612
179,-11.8,0,0.889534,0.007325988533051239,1.1,181,180,0,True,False,wall,11628,2658
180,-10.47,0,0.889078,0.0008573985251132399,1.1,48,47,0,True,False,wall,11676,2670
181,-10.16,0,0.8889165,0.0006062946122256108,1.1,17,16,0,True,False,wall,11693,2674
182,-10.58,0,0.888356,0.06005601126817055,1.1,59,58,0,True,False,wall,11752,2689
183,-10.44,0,0.8879285,0.014915144113315777,1.1,45,44,0,True,False,wall,11797,2700
184,-10.59,0,0.8873585,0.011420462175738066,1.1,60,59,0,True,False,wall,11857,2715
185,-10.27,0,0.8870925000000001,0.0219544051464514,1.1,28,27,0,True,False,wall,11885,2722
186,-10.28,0,0.886817,0.02209092620510741,1.1,29,28,0,True,False,wall,11914,2729
187,9.52999999999998,20,0.886342,0.023471459325474616,1.3,50,49,2,True,False,self,11964,2742
188,-11.270000000000001,0,0.885126,0.014774623231460282,1.3,128,127,0,True,False,wall,12092,2774
189,-11.290000000000001,0,0.883891,0.028473167978518177,1.3,130,129,0,True,False,wall,12222,2806
190,-10.88,0,0.8830455,0.007409155162432316,1.3,89,88,0,True,False,wall,12311,2828
191,-11.22,0,0.881877,0.005590448382257995,1.3,123,122,0,True,False,wall,12434,2859
192,-10.42,0,0.8814685,0.01431080123769458,1.2,43,42,0,True,False,wall,12477,2870
193,-10.77,0,0.8807275,0.0007072747409294703,1.2,78,77,0,True,False,wall,12555,2889
194,-10.88,0,0.879882,0.020380849681754153,1.2,89,88,0,True,False,wall,12644,2912
195,-10.66,0,0.8792455,0.0007945714860397857,1.2,67,66,0,True,False,wall,12711,2928
196,-10.63,0,0.8786375,0.019196610997823882,1.2,64,63,0,True,False,wall,12775,2944
197,-10.370000000000001,0,0.8782765,0.0007206218375358731,1.2,38,37,0,True,False,wall,12813,2954
198,-10.83,0,0.8774785,0.0006437711972033693,1.2,84,83,0,True,False,wall,12897,2975
199,-10.25,0,0.8772314999999999,0.025335002069671948,1.2,26,25,0,True,False,wall,12923,2981
200,-10.56,0,0.87669,0.0006773180192491661,1.2,57,56,0,True,False,wall,12980,2996
201,-10.59,0,0.87612,0.030201576163138573,1.2,60,59,0,True,False,wall,13040,3011
202,-10.68,0,0.8754645,0.009800697526182322,1.2,69,68,0,True,False,wall,13109,3028
203,-10.21,0,0.8752555,0.001056544785387814,1.2,22,21,0,True,False,wall,13131,3033
204,-0.6300000000000008,10,0.874638,0.018525353727026787,1.3,65,64,1,True,False,wall,13196,3050
205,-0.37999999999999545,10,0.874258,0.0008877424901584163,1.4,40,39,1,True,False,wall,13236,3060
206,-10.3,0,0.8739635,0.000823549843127174,1.4,31,30,0,True,False,wall,13267,3067
207,-10.3,0,0.873669,0.000834588696307037,1.4,31,30,0,True,False,wall,13298,3075
208,-10.5,0,0.8731845,0.023527473238153525,1.3,51,50,0,True,False,wall,13349,3088
209,-10.43,0,0.8727665,0.0007801227779550986,1.2,44,43,0,True,False,wall,13393,3099
210,-10.41,0,0.8723675,0.0006255401152884587,1,42,41,0,True,False,wall,13435,3109
211,-10.55,0,0.8718355,0.011425967706600204,1,56,55,0,True,False,wall,13491,3123
212,-10.450000000000001,0,0.8713985,0.013154229372351741,1,46,45,0,True,False,wall,13537,3135
213,-10.21,0,0.8711895000000001,0.0015442167175933718,1,22,21,0,True,False,wall,13559,3140
214,-11.620000000000001,0,0.869641,0.004543467035812394,1,163,162,0,True,False,wall,13722,3181
215,-10.48,0,0.8691755,0.0006931998699049776,1,49,48,0,True,False,wall,13771,3193
216,-10.26,0,0.868919,0.0647094394412956,1,27,26,0,True,False,wall,13798,3200
217,-10.290000000000001,0,0.868634,0.0011274425596639048,1,30,29,0,True,False,wall,13828,3208
218,-10.43,0,0.868216,0.01408747552407228,1,44,43,0,True,False,wall,13872,3219
219,-10.28,0,0.8679405,0.0009544313402979501,1,29,28,0,True,False,wall,13901,3226
220,-0.6299999999999901,10,0.8673230000000001,0.010147385672098608,1.1,65,64,1,True,False,wall,13966,3242
221,-10.24,0,0.8670855,0.025628108240198344,1.1,25,24,0,True,False,wall,13991,3248
222,-11.020000000000001,0,0.866107,0.023898436483040523,1.1,103,102,0,True,False,wall,14094,3274
223,-11.41,0,0.864758,0.01328173029792702,1.1,142,141,0,True,False,wall,14236,3310
224,-10.89,0,0.863903,0.014375520512906158,1,90,89,0,True,False,wall,14326,3332
225,-10.25,0,0.863656,0.02211932960199192,1,26,25,0,True,False,wall,14352,3339
226,9.819999999999975,20,0.8634565000000001,0.000776862382190302,1.2,21,20,2,True,False,wall,14373,3344
227,-10.27,0,0.8631905,0.022018595956199403,1.2,28,27,0,True,False,wall,14401,3351
228,-0.5699999999999985,10,0.86263,0.030604249871491143,1.3,59,58,1,True,False,wall,14460,3366
229,-10.870000000000001,0,0.861794,0.02809047124306248,1.3,88,87,0,True,False,wall,14548,3388
230,-10.31,0,0.86149,0.019214262734749354,1.3,32,31,0,True,False,wall,14580,3396
231,-10.36,0,0.8611385,0.017351775837596506,1.2,37,36,0,True,False,wall,14617,3405
232,-10.3,0,0.8608439999999999,0.0009877071133814752,1.2,31,30,0,True,False,wall,14648,3413
233,-1.2299999999999738,10,0.8596565,0.010190618995224096,1.3,125,124,1,True,False,wall,14773,3444
234,-10.41,0,0.8592575,0.000655288522830233,1.3,42,41,0,True,False,wall,14815,3454
235,-10.33,0,0.8589344999999999,0.0008841187486218081,1.3,34,33,0,True,False,wall,14849,3463
236,-10.56,0,0.858393,0.0006437255817997668,1.3,57,56,0,True,False,wall,14906,3477
237,-1.1299999999999955,10,0.8573005,0.016236787515387326,1.4,115,114,1,True,False,wall,15021,3506
238,-10.89,0,0.8564455,0.03455237576484003,1.4,90,89,0,True,False,wall,15111,3528
239,-10.67,0,0.8557995,0.00953540689763887,1.3,68,67,0,True,False,wall,15179,3545
240,-10.77,0,0.8550584999999999,0.0006886981136631221,1.3,78,77,0,True,False,wall,15257,3565
241,-10.17,0,0.8548875,0.0007059343115543015,1.3,18,17,0,True,False,wall,15275,3569
242,-10.71,0,0.8542035,0.00891562113570722,1.3,72,71,0,True,False,wall,15347,3587
243,-10.41,0,0.8538045,0.04127586489299905,1.3,42,41,0,True,False,wall,15389,3598
244,-0.7400000000000002,10,0.8530825,0.008731801151665613,1.4,76,75,1,True,False,wall,15465,3617
245,-11.170000000000002,0,0.8519615,0.03638300350174741,1.4,118,117,0,True,False,wall,15583,3646
246,-10.26,0,0.851705,0.02205034067654716,1.4,27,26,0,True,False,wall,15610,3653
247,-10.55,0,0.851173,0.043462939337976944,1.4,56,55,0,True,False,wall,15666,3667
248,-10.55,0,0.850641,0.0008235803688876331,1.4,56,55,0,True,False,wall,15722,3681
249,-10.41,0,0.8502419999999999,0.0006490585537077012,1.4,42,41,0,True,False,wall,15764,3692
250,-10.28,0,0.8499665000000001,0.0004939012661842364,1.4,29,28,0,True,False,wall,15793,3699
251,-10.67,0,0.8493205,0.0004617319594698903,1.4,68,67,0,True,False,wall,15861,3716
252,-10.81,0,0.8485415000000001,0.008028854498115834,1.3,82,81,0,True,False,wall,15943,3736
253,-10.64,0,0.847924,0.026419154621715492,1.3,65,64,0,True,False,wall,16008,3753
254,-10.13,0,0.847791,0.0008054427162278444,1.3,14,13,0,True,False,wall,16022,3756
255,-10.27,0,0.847525,0.022114074834722226,1.3,28,27,0,True,False,wall,16050,3763
256,-10.850000000000001,0,0.846708,0.04756209393235622,1.3,86,85,0,True,False,wall,16136,3785
257,-10.55,0,0.846176,0.0005980273625547332,1.3,56,55,0,True,False,wall,16192,3799
258,-10.98,0,0.8452355,0.01914203404097255,1.2,99,98,0,True,False,wall,16291,3823
259,-10.39,0,0.8448555,0.014931625098688528,1.2,40,39,0,True,False,wall,16331,3833
260,-10.24,0,0.844618,0.0009095890231297485,1.2,25,24,0,True,False,wall,16356,3840
261,-12.030000000000001,0,0.84268,0.01535203649979724,1.2,204,203,0,True,False,wall,16560,3891
262,-10.67,0,0.842034,0.01819972800748313,1.2,68,67,0,True,False,wall,16628,3908
263,-10.76,0,0.8413025000000001,0.00841702333051025,1.2,77,76,0,True,False,wall,16705,3927
264,-10.44,0,0.840875,0.0006815014282685959,1.2,45,44,0,True,False,wall,16750,3938
265,-10.34,0,0.8405425,0.017195632432251133,1.2,35,34,0,True,False,wall,16785,3947
266,-11.540000000000001,0,0.83907,0.023345455980653733,1.2,155,154,0,True,False,wall,16940,3986
267,9.499999999999968,20,0.8385665,0.023136449834475152,1.4,53,52,2,True,False,self,16993,3999
268,-11.05,0,0.8375595,0.030077163194968868,1.4,106,105,0,True,False,wall,17099,4025
269,-10.4,0,0.83717,0.0009810179075099188,1.3,41,40,0,True,False,wall,17140,4036
270,-11.0,0,0.8362105,0.0482502792077139,1.3,101,100,0,True,False,wall,17241,4061
271,-1.7499999999999787,10,0.834529,0.014319230093282054,1.4,177,176,1,True,False,wall,17418,4105
272,-10.77,0,0.833788,0.015204873730544933,1.4,78,77,0,True,False,wall,17496,4125
273,-10.26,0,0.8335315,0.025501350814010948,1.4,27,26,0,True,False,wall,17523,4131
274,-10.57,0,0.8329805,0.01074040315579623,1.4,58,57,0,True,False,wall,17581,4146
275,-10.41,0,0.8325815,0.015575449347670656,1.4,42,41,0,True,False,wall,17623,4156
276,-10.64,0,0.831964,0.035875905587625524,1.4,65,64,0,True,False,wall,17688,4173
277,-10.28,0,0.8316885,0.04319672573391082,1.4,29,28,0,True,False,wall,17717,4180
278,-10.26,0,0.8314320000000001,0.021898710276998048,1.4,27,26,0,True,False,wall,17744,4187
279,-10.370000000000001,0,0.831071,0.03309716783567435,1.4,38,37,0,True,False,wall,17782,4196
280,-11.200000000000001,0,0.8299215,0.010722949798218907,1.4,121,120,0,True,False,wall,17903,4226
281,-11.08,0,0.828886,0.021802736338161464,1.4,109,108,0,True,False,wall,18012,4254
282,-10.81,0,0.828107,0.0378626039790106,1.4,82,81,0,True,False,wall,18094,4274
283,-0.5199999999999889,10,0.8275939999999999,0.011441201528733862,1.5,54,53,1,True,False,wall,18148,4288
284,-10.24,0,0.8273565,0.0501045611842225,1.5,25,24,0,True,False,wall,18173,4294
285,-10.370000000000001,0,0.8269955,0.0010456067975610495,1.5,38,37,0,True,False,wall,18211,4303
286,-11.650000000000002,0,0.8254185,0.007833931389974342,1.5,166,165,0,True,False,wall,18377,4345
287,-10.33,0,0.8250955,0.037463638836925384,1.3,34,33,0,True,False,wall,18411,4353
288,-10.780000000000001,0,0.824345,0.015641233783389906,1.3,79,78,0,True,False,wall,18490,4373
289,-10.700000000000001,0,0.8236705,0.008986229825596739,1.3,71,70,0,True,False,wall,18561,4391
290,-10.88,0,0.822825,0.014166607489724729,1.3,89,88,0,True,False,wall,18650,4413
291,-10.8,0,0.8220555,0.008092627368750983,1.3,81,80,0,True,False,wall,18731,4433
292,-10.72,0,0.821362,0.0005319292196011366,1.3,73,72,0,True,False,wall,18804,4452
293,-10.39,0,0.820982,0.0004907528433250264,1.3,40,39,0,True,False,wall,18844,4462
294,-10.48,0,0.8205165,0.012791820639298143,1.3,49,48,0,True,False,wall,18893,4474
295,-0.8099999999999845,10,0.819728,0.028852176837972365,1.4,83,82,1,True,False,wall,18976,4495
296,-1.3299999999999912,10,0.8184455,0.023443767413758025,1.5,135,134,1,True,False,wall,19111,4528
297,9.190000000000012,20,0.8176475,0.02933729832598363,1.7,84,83,2,True,False,wall,19195,4549
298,-10.35,0,0.8173055,0.017812868864792917,1.7,36,35,0,True,False,wall,19231,4558
299,-10.4,0,0.816916,0.004187496728263795,1.7,41,40,0,True,False,wall,19272,4569
300,-10.72,0,0.8162225,0.009355590859841969,1.7,73,72,0,True,False,wall,19345,4587
301,-10.42,0,0.815814,0.014693291812859983,1.7,43,42,0,True,False,wall,19388,4598
302,-11.21,0,0.814655,0.025795116443381023,1.7,122,121,0,True,False,wall,19510,4628
303,-10.48,0,0.8141895,0.013123222364811227,1.7,49,48,0,True,False,wall,19559,4640
304,-1.2799999999999923,10,0.8129545,0.03236272234018102,1.7,130,129,1,True,False,wall,19689,4673
305,-10.47,0,0.8124985,0.013629478928730046,1.6,48,47,0,True,False,wall,19737,4685
306,-10.3,0,0.812204,0.03826256668253336,1.6,31,30,0,True,False,wall,19768,4693
307,-10.24,0,0.8119665,0.025395363142403465,1.6,25,24,0,True,False,wall,19793,4699
308,-10.39,0,0.8115865,0.03093679280136712,1.6,40,39,0,True,False,wall,19833,4709
309,-10.99,0,0.8106365,0.0071841656288597735,1.6,100,99,0,True,False,wall,19933,4734
310,-10.32,0,0.810323,0.0010393538395874202,1.6,33,32,0,True,False,wall,19966,4742
311,-10.48,0,0.8098575,0.037912258679474085,1.6,49,48,0,True,False,wall,20015,4754
312,-10.32,0,0.809544,0.0011726348570341037,1.6,33,32,0,True,False,wall,20048,4763
313,-10.12,0,0.8094205,0.0012031537674677868,1.6,13,12,0,True,False,wall,20061,4766
314,-0.25999999999999623,10,0.8091545,0.0012149648807410682,1.7,28,27,1,True,False,wall,20089,4773
315,-10.15,0,0.8090025000000001,0.008828279853332788,1.7,16,15,0,True,False,wall,20105,4777
316,-10.28,0,0.808727,0.04319520040215658,1.7,29,28,0,True,False,wall,20134,4784
317,-10.26,0,0.8084705,0.0017732596690101282,1.7,27,26,0,True,False,wall,20161,4791
318,-10.23,0,0.8082425,0.05084803760594999,1.7,24,23,0,True,False,wall,20185,4797
319,-10.4,0,0.807853,0.0017852100078016519,1.7,41,40,0,True,False,wall,20226,4807
320,-10.36,0,0.8075015,0.018095128626252215,1.6,37,36,0,True,False,wall,20263,4816
321,-11.16,0,0.8063899999999999,0.015978622966213153,1.6,117,116,0,True,False,wall,20380,4846
322,-0.4900000000000002,10,0.8059055,0.013598797713105645,1.7,51,50,1,True,False,wall,20431,4858
323,-10.17,0,0.8057345,0.030742791836382823,1.7,18,17,0,True,False,wall,20449,4863
324,-10.290000000000001,0,0.8054495,0.0009656980567212616,1.7,30,29,0,True,False,wall,20479,4870
325,-10.35,0,0.8051075,0.0009281135409966939,1.7,36,35,0,True,False,wall,20515,4879
326,-11.22,0,0.803939,0.015730262745261913,1.5,123,122,0,True,False,wall,20638,4910
327,-0.6399999999999988,10,0.803312,0.009862000047338797,1.6,66,65,1,True,False,wall,20704,4927
328,-10.26,0,0.8030555,0.0006537006047437899,1.5,27,26,0,True,False,wall,20731,4933
329,-10.540000000000001,0,0.802533,0.05436214432536092,1.5,55,54,0,True,False,wall,20786,4947
330,-10.55,0,0.802001,0.001237401200341992,1.5,56,55,0,True,False,wall,20842,4961
331,-11.63,0,0.800443,0.01923484758476772,1.5,164,163,0,True,False,wall,21006,5002
332,-11.25,0,0.799246,0.005309708339154895,1.5,126,125,0,True,False,wall,21132,5034
333,-10.84,0,0.7984385,0.03624934072390066,1.4,85,84,0,True,False,wall,21217,5055
334,-10.290000000000001,0,0.7981535,0.021675033802499195,1.4,30,29,0,True,False,wall,21247,5062
335,-11.31,0,0.7968995,0.014262674216738422,1.4,132,131,0,True,False,wall,21379,5095
336,-10.47,0,0.7964435000000001,0.06195809020088442,1.4,48,47,0,True,False,wall,21427,5107
337,-10.96,0,0.7955220000000001,0.024698215069947765,1.3,97,96,0,True,False,wall,21524,5132
338,-10.28,0,0.7952465,0.0005611077524788145,1.3,29,28,0,True,False,wall,21553,5139
339,-10.65,0,0.7946195,0.00992961231895606,1.3,66,65,0,True,False,wall,21619,5155
340,-10.36,0,0.794268,0.030133815403678453,1.3,37,36,0,True,False,wall,21656,5165
341,-10.18,0,0.7940875000000001,0.0006658795609837398,1.3,19,18,0,True,False,wall,21675,5169
342,-10.71,0,0.7934035,0.03352932479821094,1.3,72,71,0,True,False,wall,21747,5187
343,-11.13,0,0.7923205,0.02620198672480785,1.3,114,113,0,True,False,wall,21861,5216
344,-10.44,0,0.791893,0.02765689706112343,1.2,45,44,0,True,False,wall,21906,5227
345,-0.659999999999993,10,0.791247,0.036263934177387616,1.3,68,67,1,True,False,wall,21974,5244
346,-10.540000000000001,0,0.7907245,0.02255957926224385,1.3,55,54,0,True,False,wall,22029,5258
347,-10.52,0,0.7902210000000001,0.04670975630646213,1.3,53,52,0,True,False,wall,22082,5271
348,-10.34,0,0.7898885,0.0010359306276465456,1.3,35,34,0,True,False,wall,22117,5280
349,-10.41,0,0.7894895,0.060278119024587795,1.3,42,41,0,True,False,wall,22159,5290
350,-10.48,0,0.789024,0.012227540023069685,1.3,49,48,0,True,False,wall,22208,5303
351,-10.68,0,0.7883685,0.02694502129281104,1.3,69,68,0,True,False,wall,22277,5320
352,-10.98,0,0.787428,0.018669093950884418,1.3,99,98,0,True,False,wall,22376,5345
353,-10.64,0,0.7868105000000001,0.01905417781563301,1.3,65,64,0,True,False,wall,22441,5361
354,-10.38,0,0.78644,0.030569422084954567,1.3,39,38,0,True,False,wall,22480,5371
355,-10.43,0,0.786022,0.01417925887719982,1.3,44,43,0,True,False,wall,22524,5382
356,-10.35,0,0.78568,0.0006157581940189832,1.3,36,35,0,True,False,wall,22560,5391
357,-10.18,0,0.7854995,0.0014959949330659583,1.3,19,18,0,True,False,wall,22579,5395
358,-10.41,0,0.7851005,0.04142277546766722,1.3,42,41,0,True,False,wall,22621,5406
359,-10.55,0,0.7845685,0.03227582230049718,1.3,56,55,0,True,False,wall,22677,5420
360,-10.23,0,0.7843405,0.0009144363963666061,1.3,24,23,0,True,False,wall,22701,5426
361,-10.15,0,0.7841885,0.037835051291040145,1.3,16,15,0,True,False,wall,22717,5430
362,-10.16,0,0.784027,0.0008288347744382918,1.3,17,16,0,True,False,wall,22734,5434
363,-11.05,0,0.78302,0.028089550474693102,1.3,106,105,0,True,False,wall,22840,5461
364,-10.6,0,0.7824405,0.010603576720071336,1.3,61,60,0,True,False,wall,22901,5476
365,-0.20999999999999908,10,0.782222,0.05038083562976681,1.4,23,22,1,True,False,wall,22924,5482
366,-10.790000000000001,0,0.781462,0.03050957587984158,1.4,80,79,0,True,False,wall,23004,5502
367,-10.57,0,0.780911,0.021937302006075958,1.2,58,57,0,True,False,wall,23062,5516
368,-10.21,0,0.780702,0.02557279995138136,1.2,22,21,0,True,False,wall,23084,5522
369,-10.83,0,0.779904,0.029233267760857762,1.2,84,83,0,True,False,wall,23168,5543
370,-10.36,0,0.7795525,0.000922556785452697,1.2,37,36,0,True,False,wall,23205,5552
371,-11.22,0,0.778384,0.024949827304695762,1.1,123,122,0,True,False,wall,23328,5583
372,-10.850000000000001,0,0.777567,0.008205302959097372,1.1,86,85,0,True,False,wall,23414,5604
373,-11.32,0,0.7763035,0.03217323039213873,1.1,133,132,0,True,False,wall,23547,5637
374,-10.17,0,0.7761325,0.060353360342560336,1.1,18,17,0,True,False,wall,23565,5642
375,-0.4399999999999924,10,0.7756955,0.014775508972392841,1.2,46,45,1,True,False,wall,23611,5653
376,-10.5,0,0.775211,0.0010133853379207163,1.2,51,50,0,True,False,wall,23662,5666
377,-10.44,0,0.7747835000000001,0.027863827674247495,1.2,45,44,0,True,False,wall,23707,5677
378,-10.44,0,0.774356,0.013287134371542683,1.2,45,44,0,True,False,wall,23752,5689
379,-10.3,0,0.7740615,0.02199934477435558,1.2,31,30,0,True,False,wall,23783,5696
380,-11.14,0,0.772969,0.0012202821099921934,1.2,115,114,0,True,False,wall,23898,5725
381,-10.25,0,0.772722,0.021387164086003656,1.2,26,25,0,True,False,wall,23924,5732
382,-10.32,0,0.7724085,0.019649772766570095,1.2,33,32,0,True,False,wall,23957,5740
383,-10.23,0,0.7721805,0.001546373338593791,1.1,24,23,0,True,False,wall,23981,5746
384,-10.23,0,0.7719525,0.07569060372770764,1.1,24,23,0,True,False,wall,24005,5752
385,-10.32,0,0.771639,0.0008017890540941153,1.1,33,32,0,True,False,wall,24038,5760
386,-10.84,0,0.7708315,0.014868691495697325,1.1,85,84,0,True,False,wall,24123,5781
387,-10.61,0,0.7702424999999999,0.02871419319671986,1.1,62,61,0,True,False,wall,24185,5797
388,-10.540000000000001,0,0.76972,0.032962859429452304,1.1,55,54,0,True,False,wall,24240,5811
389,-11.14,0,0.7686275,0.007323553912491272,1.1,115,114,0,True,False,wall,24355,5839
390,-0.4499999999999975,10,0.768181,0.027886622716323473,1.2,47,46,1,True,False,wall,24402,5851
391,-10.39,0,0.767801,0.03086529887514189,1.2,40,39,0,True,False,wall,24442,5861
392,-10.19,0,0.767611,0.03096366288373247,1.2,20,19,0,True,False,wall,24462,5866
393,-10.22,0,0.7673925,0.026458825295170147,1.2,23,22,0,True,False,wall,24485,5872
394,-10.25,0,0.7671455,0.0012592317507369444,1.2,26,25,0,True,False,wall,24511,5878
395,-0.1999999999999993,10,0.7669365,0.05035884318931494,1.2,22,21,1,True,False,wall,24533,5884
396,-10.450000000000001,0,0.7664995,0.014669023485938933,1.1,46,45,0,True,False,wall,24579,5895
397,-10.47,0,0.7660435,0.013595294270392818,0.9,48,47,0,True,False,wall,24627,5907
398,-10.44,0,0.7656160000000001,0.0006613575023948215,0.9,45,44,0,True,False,wall,24672,5919
399,-10.6,0,0.7650365,0.010660351352998986,0.9,61,60,0,True,False,wall,24733,5934
400,-10.21,0,0.7648275,0.029980822931975126,0.9,22,21,0,True,False,wall,24755,5939
401,-10.26,0,0.764571,0.06483817979460582,0.9,27,26,0,True,False,wall,24782,5946
402,-10.84,0,0.7637635,0.01655911543500787,0.9,85,84,0,True,False,wall,24867,5967
403,-10.28,0,0.763488,0.0010031184683612082,0.9,29,28,0,True,False,wall,24896,5975
404,-10.47,0,0.763032,0.015412333535399133,0.8,48,47,0,True,False,wall,24944,5987
405,-10.63,0,0.762424,0.020159929001238197,0.8,64,63,0,True,False,wall,25008,6003
406,-10.64,0,0.7618065,0.029022212489508092,0.8,65,64,0,True,False,wall,25073,6019
407,-10.49,0,0.7613315,0.0011448559986699063,0.8,50,49,0,True,False,wall,25123,6031
408,-10.49,0,0.7608565,0.0009126811055466533,0.8,50,49,0,True,False,wall,25173,6044
409,-10.23,0,0.7606284999999999,0.0010381957448165242,0.8,24,23,0,True,False,wall,25197,6050
410,-10.31,0,0.7603245,0.01947080968602677,0.8,32,31,0,True,False,wall,25229,6058
411,-1.0799999999999805,10,0.7592795,0.006384088654562624,0.9,110,109,1,True,False,wall,25339,6085
412,-10.88,0,0.758434,0.007248463621616121,0.9,89,88,0,True,False,wall,25428,6108
413,-0.22000000000000064,10,0.7582059999999999,0.05046087335601138,1,24,23,1,True,False,wall,25452,6114
414,-10.27,0,0.75794,0.022418827724842622,0.9,28,27,0,True,False,wall,25480,6121
415,-11.030000000000001,0,0.7569520000000001,0.012117473229479332,0.9,104,103,0,True,False,wall,25584,6147
416,-10.19,0,0.756762,0.03029907961608842,0.9,20,19,0,True,False,wall,25604,6152
417,-10.17,0,0.756591,0.007444272865541279,0.9,18,17,0,True,False,wall,25622,6156
418,-10.88,0,0.7557455,0.021367202100174672,0.9,89,88,0,True,False,wall,25711,6178
419,-10.71,0,0.7550615,0.009435782459655052,0.9,72,71,0,True,False,wall,25783,6196
420,-10.620000000000001,0,0.754463,0.01950936079992971,0.9,63,62,0,True,False,wall,25846,6212
421,-10.42,0,0.7540545000000001,0.016250394427598538,0.9,43,42,0,True,False,wall,25889,6223
422,-10.65,0,0.7534275,0.01982778874480573,0.8,66,65,0,True,False,wall,25955,6239
423,-10.41,0,0.7530285000000001,0.01404791032704948,0.8,42,41,0,True,False,wall,25997,6250
424,-10.8,0,0.752259,0.030254884640453384,0.8,81,80,0,True,False,wall,26078,6270
425,-10.25,0,0.752012,0.04325564962346107,0.8,26,25,0,True,False,wall,26104,6277
426,-10.25,0,0.751765,0.05283310521432819,0.8,26,25,0,True,False,wall,26130,6283
427,-10.19,0,0.751575,0.03094265069812536,0.7,20,19,0,True,False,wall,26150,6288
428,-0.3000000000000007,10,0.751271,0.01971465870155953,0.8,32,31,1,True,False,wall,26182,6296
429,-0.2599999999999998,10,0.751005,0.0010040165133042528,0.9,28,27,1,True,False,wall,26210,6303
430,-10.46,0,0.7505585,0.01445944613321141,0.9,47,46,0,True,False,wall,26257,6315
431,-0.47999999999999154,10,0.7500835,0.0384798168282335,1,50,49,1,True,False,wall,26307,6327
432,-10.43,0,0.7496655,0.05467262672821314,1,44,43,0,True,False,wall,26351,6338
433,-10.46,0,0.7492190000000001,0.0007675011996373845,1,47,46,0,True,False,wall,26398,6350
434,-10.2,0,0.7490195,0.000548140361206606,1,21,20,0,True,False,wall,26419,6355
435,-10.25,0,0.7487725000000001,0.0010747942433226854,1,26,25,0,True,False,wall,26445,6362
436,-11.030000000000001,0,0.7477845000000001,0.0010061066098457489,1,104,103,0,True,False,wall,26549,6388
437,-10.21,0,0.7475755,0.03010778779280372,1,22,21,0,True,False,wall,26571,6393
438,-0.7799999999999976,10,0.7468155,0.015894592863332946,1.1,80,79,1,True,False,wall,26651,6413
439,-10.22,0,0.746597,0.02525706370943226,1.1,23,22,0,True,False,wall,26674,6419
440,-10.32,0,0.7462835000000001,0.0007918323208286893,1.1,33,32,0,True,False,wall,26707,6427
441,-10.96,0,0.7453620000000001,0.012527900490676985,1.1,97,96,0,True,False,wall,26804,6452
442,-10.33,0,0.745039,0.019176882597093936,1.1,34,33,0,True,False,wall,26838,6460
443,-10.17,0,0.744868,0.03320374643662945,1.1,18,17,0,True,False,wall,26856,6465
444,-10.55,0,0.744336,0.05488868525052177,1.1,56,55,0,True,False,wall,26912,6479
445,-0.649999999999995,10,0.7436995,0.02904074977413984,1.1,67,66,1,True,False,wall,26979,6495
446,-10.6,0,0.74312,0.028592109147211886,1.1,61,60,0,True,False,wall,27040,6511
447,-10.620000000000001,0,0.7425215000000001,0.030412110436009242,1.1,63,62,0,True,False,wall,27103,6526
448,-11.020000000000001,0,0.7415430000000001,0.006235198210141299,1.1,103,102,0,True,False,wall,27206,6552
449,-10.58,0,0.7409825,0.020198077766690404,1.1,59,58,0,True,False,wall,27265,6567
450,-10.51,0,0.7404885,0.011967771565720726,1.1,52,51,0,True,False,wall,27317,6580
451,-10.27,0,0.7402225,0.001963690956472419,1.1,28,27,0,True,False,wall,27345,6587
452,-10.17,0,0.7400515000000001,0.0006728689913870767,1.1,18,17,0,True,False,wall,27363,6591
453,-1.2299999999999773,10,0.738864,0.02392686083476292,1.2,125,124,1,True,False,wall,27488,6623
454,-10.27,0,0.738598,0.021851091999061673,1.2,28,27,0,True,False,wall,27516,6630
455,-10.47,0,0.7381420000000001,0.0013942484389796543,1.2,48,47,0,True,False,wall,27564,6642
456,-10.290000000000001,0,0.737857,0.0006527187069877982,1.2,30,29,0,True,False,wall,27594,6649
457,-10.31,0,0.737553,0.000547487066796748,1.2,32,31,0,True,False,wall,27626,6657
458,-10.39,0,0.7371730000000001,0.03128519358870108,1.2,40,39,0,True,False,wall,27666,6667
459,-10.3,0,0.7368785,0.03789353140746243,1.2,31,30,0,True,False,wall,27697,6675
460,-10.31,0,0.7365745,0.0006532319166581146,1.2,32,31,0,True,False,wall,27729,6683
461,-10.21,0,0.7363655,0.0006693299394100905,1.2,22,21,0,True,False,wall,27751,6688
462,-10.39,0,0.7359855,0.030841966581647284,1.2,40,39,0,True,False,wall,27791,6698
463,-10.33,0,0.7356625,0.016920808896732826,1.2,34,33,0,True,False,wall,27825,6707
464,-10.49,0,0.7351875,0.038532767250823476,1.2,50,49,0,True,False,wall,27875,6719
465,-10.290000000000001,0,0.7349025,0.01934378359146649,1.1,30,29,0,True,False,wall,27905,6727
466,-10.17,0,0.7347315000000001,0.03812453328282572,1.1,18,17,0,True,False,wall,27923,6731
467,-11.030000000000001,0,0.7337435,0.023620516451326415,1.1,104,103,0,True,False,wall,28027,6757
468,-10.530000000000001,0,0.7332305,0.0005651260892461453,1.1,54,53,0,True,False,wall,28081,6771
469,-10.21,0,0.7330215,0.0004074802040122449,1.1,22,21,0,True,False,wall,28103,6776
470,-11.280000000000001,0,0.731796,0.022993490779878233,1.1,129,128,0,True,False,wall,28232,6809
471,-10.15,0,0.731644,0.0005033756169723347,1.1,16,15,0,True,False,wall,28248,6813
472,-10.25,0,0.7313970000000001,0.00045528426077604917,1.1,26,25,0,True,False,wall,28274,6819
473,-10.47,0,0.7309410000000001,0.02514847499211707,1.1,48,47,0,True,False,wall,28322,6831
474,-10.16,0,0.7307795,0.0006793590146116912,1.1,17,16,0,True,False,wall,28339,6835
475,-10.15,0,0.7306275,0.0003705432973220013,1,16,15,0,True,False,wall,28355,6839
476,-10.2,0,0.7304280000000001,0.0008091365016298369,1,21,20,0,True,False,wall,28376,6845
477,-10.23,0,0.7302,0.0004100843798369169,1,24,23,0,True,False,wall,28400,6851
478,-10.28,0,0.7299245000000001,0.021704529852805927,1,29,28,0,True,False,wall,28429,6858
479,-10.59,0,0.7293545,0.030405986966798082,1,60,59,0,True,False,wall,28489,6873
480,-10.14,0,0.729212,0.037685385599615984,1,15,14,0,True,False,wall,28504,6877
481,-10.4,0,0.7288225,0.0004152363690081984,1,41,40,0,True,False,wall,28545,6887
482,-10.28,0,0.7285470000000001,0.0005134802112089736,1,29,28,0,True,False,wall,28574,6894
483,-10.48,0,0.7280815,0.013352231287475055,1,49,48,0,True,False,wall,28623,6906
484,-10.56,0,0.7275400000000001,0.04017931550430755,1,57,56,0,True,False,wall,28680,6921
485,-10.46,0,0.7270935000000001,0.027456536097981207,1,47,46,0,True,False,wall,28727,6932
486,-10.24,0,0.726856,0.021615255520113612,1,25,24,0,True,False,wall,28752,6939
487,-10.25,0,0.7266090000000001,0.04999027944965443,1,26,25,0,True,False,wall,28778,6945
488,-10.98,0,0.7256685,0.018372369965072723,1,99,98,0,True,False,wall,28877,6970
489,-10.42,0,0.72526,0.04158302466914227,1,43,42,0,True,False,wall,28920,6981
490,-10.530000000000001,0,0.724747,0.03508287977176504,0.9,54,53,0,True,False,wall,28974,6994
491,-10.4,0,0.7243575,0.015566735368338414,0.9,41,40,0,True,False,wall,29015,7004
492,-10.32,0,0.724044,0.0008589185243989858,0.9,33,32,0,True,False,wall,29048,7013
493,-10.3,0,0.7237495,0.0008333572435991041,0.9,31,30,0,True,False,wall,29079,7020
494,-10.24,0,0.7235119999999999,0.0006770454887633345,0.9,25,24,0,True,False,wall,29104,7027
495,-10.22,0,0.7232935,0.0005429374374216423,0.8,23,22,0,True,False,wall,29127,7032
496,-10.21,0,0.7230844999999999,0.0006472195576255521,0.8,22,21,0,True,False,wall,29149,7038
497,-10.48,0,0.722619,0.025354452147439588,0.8,49,48,0,True,False,wall,29198,7050
498,-11.030000000000001,0,0.721631,0.006282290422509855,0.8,104,103,0,True,False,wall,29302,7076
499,-10.55,0,0.7210989999999999,0.011154463057339723,0.8,56,55,0,True,False,wall,29358,7090
500,-10.42,0,0.7206905,0.013937884142664685,0.8,43,42,0,True,False,wall,29401,7101
501,-10.780000000000001,0,0.71994,0.03046495611197315,0.8,79,78,0,True,False,wall,29480,7121
502,-10.2,0,0.7197405,0.000935572909656912,0.8,21,20,0,True,False,wall,29501,7126
503,-12.949999999999982,0,0.7169285000000001,0.014672431060053231,0.8,296,295,0,True,False,wall,29797,7200
504,-10.42,0,0.71652,0.0007031741975383325,0.8,43,42,0,True,False,wall,29840,7211
505,-11.030000000000001,0,0.7155320000000001,0.006199158249588576,0.8,104,103,0,True,False,wall,29944,7237
506,-10.26,0,0.7152755,0.025287433110255126,0.8,27,26,0,True,False,wall,29971,7243
507,-0.4799999999999951,10,0.7148005000000001,0.0004467787657631561,0.9,50,49,1,True,False,wall,30021,7256
508,-1.9199999999999822,10,0.7129575,0.019215989813346823,1,194,193,1,True,False,wall,30215,7304
509,-10.41,0,0.7125585,0.014297864397204567,1,42,41,0,True,False,wall,30257,7315
510,-0.3299999999999965,10,0.712226,0.0005537312244996428,1.1,35,34,1,True,False,wall,30292,7324
511,-10.25,0,0.711979,0.02535838412101536,1,26,25,0,True,False,wall,30318,7330
512,-10.47,0,0.711523,0.03782181820133701,1,48,47,0,True,False,wall,30366,7342
513,-10.850000000000001,0,0.7107060000000001,0.028034333215063354,0.9,86,85,0,True,False,wall,30452,7364
514,-11.25,0,0.709509,0.024708727254502235,0.9,126,125,0,True,False,wall,30578,7395
515,-10.88,0,0.7086635,0.020774112798707476,0.9,89,88,0,True,False,wall,30667,7417
516,-0.6399999999999917,10,0.7080365,0.026648637437200008,1,66,65,1,True,False,wall,30733,7434
517,-10.21,0,0.7078275,0.0006209159735590219,1,22,21,0,True,False,wall,30755,7439
518,-10.32,0,0.707514,0.05020037049608719,1,33,32,0,True,False,wall,30788,7448
519,-10.47,0,0.707058,0.02532917045027716,1,48,47,0,True,False,wall,30836,7460
520,-10.74,0,0.7063455000000001,0.04158868817547853,1,75,74,0,True,False,wall,30911,7478
521,-10.19,0,0.7061555,0.030209669069154187,1,20,19,0,True,False,wall,30931,7483
522,-10.68,0,0.7055,0.00044494620265646116,1,69,68,0,True,False,wall,31000,7501
523,-1.0099999999999998,10,0.7045215,0.012433079530019313,1.1,103,102,1,True,False,wall,31103,7526
524,-2.2199999999999545,10,0.7023935,0.019079278012213763,1.2,224,223,1,True,False,wall,31327,7582
525,-10.370000000000001,0,0.7020325000000001,0.03057297480700072,1.2,38,37,0,True,False,wall,31365,7592
526,-11.030000000000001,0,0.7010445000000001,0.01807552219767016,1.2,104,103,0,True,False,wall,31469,7618
527,-10.14,0,0.700902,0.074596213606128,1.2,15,14,0,True,False,wall,31484,7622
528,-0.9399999999999835,10,0.69999,0.01904883375209465,1.2,96,95,1,True,False,wall,31580,7646
529,-10.18,0,0.6998095,0.03665630941395648,1.1,19,18,0,True,False,wall,31599,7650
530,-10.530000000000001,0,0.6992965,0.000595871575309762,1.1,54,53,0,True,False,wall,31653,7664
531,-10.43,0,0.6988785,0.027326865669403396,1,44,43,0,True,False,wall,31697,7675
532,-10.4,0,0.698489,0.02990672950982116,1,41,40,0,True,False,wall,31738,7685
533,-10.370000000000001,0,0.6981280000000001,0.0005944988370174542,1,38,37,0,True,False,wall,31776,7695
534,-10.32,0,0.6978145,0.019043645886995364,1,33,32,0,True,False,wall,31809,7703
535,-10.25,0,0.6975675,0.02553671852122837,1,26,25,0,True,False,wall,31835,7709
536,-11.31,0,0.6963135,0.01847950950005642,1,132,131,0,True,False,wall,31967,7742
537,-0.38999999999999524,10,0.695924,0.00037517209685492247,1.1,41,40,1,True,False,wall,32008,7753
538,-10.27,0,0.6956580000000001,0.021744041142353256,1,28,27,0,True,False,wall,32036,7760
539,-10.3,0,0.6953635,0.02160736999108589,1,31,30,0,True,False,wall,32067,7767
540,-10.23,0,0.6951355,0.0006357030651997775,1,24,23,0,True,False,wall,32091,7773
541,-10.34,0,0.6948030000000001,0.0008992637643435349,1,35,34,0,True,False,wall,32126,7782
542,-10.3,0,0.6945085,0.0006842595612397417,1,31,30,0,True,False,wall,32157,7790
543,-10.57,0,0.6939575,0.021962254458880386,1,58,57,0,True,False,wall,32215,7804
544,-10.2,0,0.6937580000000001,0.02512229708857679,1,21,20,0,True,False,wall,32236,7810
545,-10.35,0,0.693416,0.0003733283018745068,0.9,36,35,0,True,False,wall,32272,7819
546,-10.31,0,0.693112,0.01867761266112211,0.9,32,31,0,True,False,wall,32304,7827
547,-10.370000000000001,0,0.692751,0.000590084282319165,0.9,38,37,0,True,False,wall,32342,7836
548,-10.31,0,0.692447,0.0006298487569438294,0.9,32,31,0,True,False,wall,32374,7844
549,-10.22,0,0.6922285,0.024905432563779566,0.9,23,22,0,True,False,wall,32397,7850
550,-10.16,0,0.692067,0.0005440987224574201,0.9,17,16,0,True,False,wall,32414,7854
551,-10.63,0,0.691459,0.009758191094988433,0.9,64,63,0,True,False,wall,32478,7870
552,-10.450000000000001,0,0.691022,0.012856254453557389,0.9,46,45,0,True,False,wall,32524,7882
553,-10.77,0,0.690281,0.008237628986152183,0.8,78,77,0,True,False,wall,32602,7901
554,-10.2,0,0.6900815,0.05980857225367799,0.8,21,20,0,True,False,wall,32623,7906
555,-0.5299999999999958,10,0.689559,0.0007534306641900912,0.9,55,54,1,True,False,wall,32678,7920
556,-10.700000000000001,0,0.6888845,0.0252307438188129,0.9,71,70,0,True,False,wall,32749,7938
557,-1.659999999999977,10,0.6872885,0.018122584919702995,1,168,167,1,True,False,wall,32917,7980
558,-10.56,0,0.686747,0.021589783483899998,1,57,56,0,True,False,wall,32974,7994
559,-10.540000000000001,0,0.6862245,0.02184299906574389,1,55,54,0,True,False,wall,33029,8008
560,-10.35,0,0.6858825,0.0005517167770045085,1,36,35,0,True,False,wall,33065,8017
561,-10.25,0,0.6856355000000001,0.000507741965217671,1,26,25,0,True,False,wall,33091,8023
562,-10.44,0,0.685208,0.00040652648628262494,1,45,44,0,True,False,wall,33136,8035
563,-10.16,0,0.6850465,0.037320120085496455,1,17,16,0,True,False,wall,33153,8039
564,-10.33,0,0.6847235,0.019134214328005328,1,34,33,0,True,False,wall,33187,8047
565,-10.71,0,0.6840395,0.025364655267266143,1,72,71,0,True,False,wall,33259,8065
566,-10.34,0,0.6837070000000001,0.01678781352691456,1,35,34,0,True,False,wall,33294,8074
567,-10.2,0,0.6835074999999999,0.0004204163735266775,1,21,20,0,True,False,wall,33315,8079
568,-10.71,0,0.6828235,0.0003855126334302541,1,72,71,0,True,False,wall,33387,8097
569,-10.24,0,0.682586,0.04287647737406327,1,25,24,0,True,False,wall,33412,8104
570,-10.44,0,0.6821585000000001,0.014094002481380647,1,45,44,0,True,False,wall,33457,8115
571,-10.290000000000001,0,0.6818735,0.04312726342219061,1,30,29,0,True,False,wall,33487,8122
572,-10.18,0,0.681693,0.030136695128749124,1,19,18,0,True,False,wall,33506,8127
573,-10.36,0,0.6813415,0.016789050397670105,1,37,36,0,True,False,wall,33543,8136
574,-10.6,0,0.6807620000000001,0.009742765357259486,1,61,60,0,True,False,wall,33604,8152
575,-10.35,0,0.68042,0.0006036197834570581,1,36,35,0,True,False,wall,33640,8161
576,-10.4,0,0.6800305,0.03037039003102109,1,41,40,0,True,False,wall,33681,8171
577,-10.57,0,0.6794795,0.03200921929133723,1,58,57,0,True,False,wall,33739,8185
578,-10.47,0,0.6790235,0.025077230141808588,1,48,47,0,True,False,wall,33787,8197
579,-10.36,0,0.678672,0.015818972766282968,1,37,36,0,True,False,wall,33824,8207
580,-10.2,0,0.6784725,0.0004363686079159379,1,21,20,0,True,False,wall,33845,8212
581,-10.290000000000001,0,0.6781874999999999,0.0004428021077598844,1,30,29,0,True,False,wall,33875,8219
582,-10.55,0,0.6776555,0.011029749614993176,1,56,55,0,True,False,wall,33931,8233
583,-10.870000000000001,0,0.6768195,0.020533542373662138,1,88,87,0,True,False,wall,34019,8255
584,-10.28,0,0.676544,0.03749628786863468,1,29,28,0,True,False,wall,34048,8263
585,-10.22,0,0.6763255,0.05950405602925457,1,23,22,0,True,False,wall,34071,8268
586,-10.780000000000001,0,0.675575,0.03017662089841906,1,79,78,0,True,False,wall,34150,8288
587,-10.16,0,0.6754135000000001,0.001115061080781743,1,17,16,0,True,False,wall,34167,8292
588,-10.34,0,0.675081,0.000671860082851102,1,35,34,0,True,False,wall,34202,8301
589,-10.25,0,0.674834,0.04269947808851222,1,26,25,0,True,False,wall,34228,8308
590,-10.39,0,0.6744540000000001,0.030080383078893647,1,40,39,0,True,False,wall,34268,8318
591,-10.34,0,0.6741215,0.0375546935138118,1,35,34,0,True,False,wall,34303,8326
592,-10.58,0,0.6735610000000001,0.02038938396338684,1,59,58,0,True,False,wall,34362,8341
593,-10.21,0,0.6733520000000001,0.0007159045004906753,1,22,21,0,True,False,wall,34384,8347
594,-10.46,0,0.6729054999999999,0.0004650087913350117,1,47,46,0,True,False,wall,34431,8358
595,-10.5,0,0.6724209999999999,0.04613809514557943,1,51,50,0,True,False,wall,34482,8371
596,-10.76,0,0.6716895,0.03955872400853734,1,77,76,0,True,False,wall,34559,8390
597,-10.5,0,0.671205,0.0003844107604191567,1,51,50,0,True,False,wall,34610,8403
598,-10.4,0,0.6708155,0.015409612286021002,1,41,40,0,True,False,wall,34651,8413
599,-10.72,0,0.670122,0.008128153436700813,1,73,72,0,True,False,wall,34724,8432
600,-10.39,0,0.6697420000000001,0.01511366509803338,1,40,39,0,True,False,wall,34764,8442
601,-10.23,0,0.6695139999999999,0.00040468507116505253,1,24,23,0,True,False,wall,34788,8448
602,-10.32,0,0.6692005,0.0562852575967554,1,33,32,0,True,False,wall,34821,8456
603,-0.6499999999999915,10,0.6685639999999999,0.009263153348857647,1.1,67,66,1,True,False,wall,34888,8473
604,-10.27,0,0.6682980000000001,0.02156751041807833,1.1,28,27,0,True,False,wall,34916,8480
605,-10.34,0,0.6679655,0.03722292973725416,1.1,35,34,0,True,False,wall,34951,8488
606,-10.540000000000001,0,0.667443,0.011176856689936747,1.1,55,54,0,True,False,wall,35006,8502
607,-10.73,0,0.66674,0.024069716660673486,1,74,73,0,True,False,wall,35080,8521
608,-10.15,0,0.666588,0.0007490969728678465,0.9,16,15,0,True,False,wall,35096,8525
609,-10.860000000000001,0,0.6657615000000001,0.00752859911119144,0.9,87,86,0,True,False,wall,35183,8546
610,-10.58,0,0.6652009999999999,0.02014993212845487,0.8,59,58,0,True,False,wall,35242,8561
611,-1.3099999999999863,10,0.6639375000000001,0.04080562727705745,0.9,133,132,1,True,False,wall,35375,8594
612,-11.22,0,0.6627689999999999,0.014887521801997096,0.9,123,122,0,True,False,wall,35498,8625
613,-10.370000000000001,0,0.662408,0.0005034766945755109,0.9,38,37,0,True,False,wall,35536,8635
614,-10.14,0,0.6622655,0.049004113437452666,0.9,15,14,0,True,False,wall,35551,8638
615,-10.96,0,0.6613439999999999,0.012275645360350609,0.9,97,96,0,True,False,wall,35648,8663
616,-10.34,0,0.6610115000000001,0.03747288449994812,0.8,35,34,0,True,False,wall,35683,8671
617,-10.290000000000001,0,0.6607265,0.000449827211923548,0.8,30,29,0,True,False,wall,35713,8679
618,-10.39,0,0.6603465,0.015349570289254188,0.8,40,39,0,True,False,wall,35753,8689
619,-10.620000000000001,0,0.659748,0.028158740711660357,0.8,63,62,0,True,False,wall,35816,8705
620,-10.88,0,0.6589025000000001,0.0007835729973687029,0.8,89,88,0,True,False,wall,35905,8727
621,9.439999999999966,20,0.658342,0.03006028205466767,1,59,58,2,True,False,self,35964,8742
622,-10.49,0,0.657867,0.02520828261306936,1,50,49,0,True,False,wall,36014,8754
623,-0.37999999999999545,10,0.6574869999999999,0.045214068191125986,1,40,39,1,True,False,wall,36054,8764
624,-10.19,0,0.657297,0.0006334682344458997,0.9,20,19,0,True,False,wall,36074,8769
625,-10.57,0,0.656746,0.03994922067116325,0.9,58,57,0,True,False,wall,36132,8784
626,-10.36,0,0.6563945,0.001018091994208387,0.9,37,36,0,True,False,wall,36169,8793
627,-10.370000000000001,0,0.6560334999999999,0.016995119525947504,0.9,38,37,0,True,False,wall,36207,8802
628,-10.4,0,0.655644,0.014259134509219703,0.8,41,40,0,True,False,wall,36248,8813
629,-0.20999999999999908,10,0.6554255,0.00035871039726771415,0.9,23,22,1,True,False,wall,36271,8818
630,-10.33,0,0.6551025,0.04994732929561804,0.9,34,33,0,True,False,wall,36305,8827
631,-10.48,0,0.654637,0.012997996799337367,0.9,49,48,0,True,False,wall,36354,8839
632,-10.3,0,0.6543425,0.019179157719918294,0.9,31,30,0,True,False,wall,36385,8847
633,-10.26,0,0.654086,0.0004727631832273411,0.9,27,26,0,True,False,wall,36412,8854
634,-10.22,0,0.6538675,0.0005030952102970332,0.9,23,22,0,True,False,wall,36435,8859
635,-10.23,0,0.6536394999999999,0.0003120458374420802,0.9,24,23,0,True,False,wall,36459,8865
636,-10.34,0,0.6533070000000001,0.000393795746883067,0.9,35,34,0,True,False,wall,36494,8874
637,-0.9299999999999944,10,0.6524045,0.00033811947165910777,0.9,95,94,1,True,False,wall,36589,8898
638,-10.6,0,0.6518250000000001,0.030296495005798837,0.9,61,60,0,True,False,wall,36650,8913
639,-10.64,0,0.6512075,0.02832546005902259,0.9,65,64,0,True,False,wall,36715,8929
640,-0.5399999999999903,10,0.6506755,0.021665680973715747,1,56,55,1,True,False,wall,36771,8943
641,-10.61,0,0.6500865,0.0003508843910822179,1,62,61,0,True,False,wall,36833,8959
642,-10.33,0,0.6497634999999999,0.0004416055735418922,1,34,33,0,True,False,wall,36867,8967
643,-0.25,10,0.6495070000000001,0.06389890521989271,1.1,27,26,1,True,False,wall,36894,8974
644,-10.75,0,0.6487850000000001,0.03186228998483306,1.1,76,75,0,True,False,wall,36970,8993
645,-10.51,0,0.648291,0.0003938064104519211,1.1,52,51,0,True,False,wall,37022,9006
646,-10.49,0,0.647816,0.011862025342102593,1.1,50,49,0,True,False,wall,37072,9019
647,-10.28,0,0.6475405000000001,0.00021272579033393413,1.1,29,28,0,True,False,wall,37101,9026
648,-0.35999999999999766,10,0.6471795,0.00027202048093184,1.2,38,37,1,True,False,wall,37139,9035
649,-0.5299999999999976,10,0.646657,0.010883049760845356,1.3,55,54,1,True,False,wall,37194,9049
650,-10.24,0,0.6464194999999999,0.025184911142180983,1.3,25,24,0,True,False,wall,37219,9055
651,-10.14,0,0.646277,0.0003689781478897203,1.3,15,14,0,True,False,wall,37234,9059
652,-10.19,0,0.6460870000000001,0.00043958008172921835,1.3,20,19,0,True,False,wall,37254,9064
653,-10.35,0,0.645745,0.00030341856957723695,1.3,36,35,0,True,False,wall,37290,9073
654,-10.51,0,0.645251,0.011726575422261912,1.3,52,51,0,True,False,wall,37342,9086
655,-0.7099999999999884,10,0.6445575,0.017024991946527734,1.3,73,72,1,True,False,wall,37415,9104
656,-10.23,0,0.6443295,0.050201526547122434,1.3,24,23,0,True,False,wall,37439,9110
657,-10.34,0,0.6439969999999999,0.01731574394701359,1.2,35,34,0,True,False,wall,37474,9119
658,-10.28,0,0.6437215000000001,0.022065892807274525,1.2,29,28,0,True,False,wall,37503,9126
659,-10.21,0,0.6435125,0.02511109851426833,1.2,22,21,0,True,False,wall,37525,9132
660,-10.74,0,0.6428,0.03167993241789334,1.2,75,74,0,True,False,wall,37600,9151
661,-10.91,0,0.641926,0.03922620680026265,1.2,92,91,0,True,False,wall,37692,9174
662,-10.36,0,0.6415744999999999,0.016847059240616444,1.2,37,36,0,True,False,wall,37729,9183
663,-10.26,0,0.641318,0.02186435940425976,1.2,27,26,0,True,False,wall,37756,9190
664,-10.35,0,0.640976,0.03332827228263745,1.2,36,35,0,True,False,wall,37792,9199
665,-10.32,0,0.6406625,0.03711158283113036,1.2,33,32,0,True,False,wall,37825,9207
666,-10.33,0,0.6403395000000001,0.018961060306537547,1.2,34,33,0,True,False,wall,37859,9215
667,-10.18,0,0.640159,0.030228314670966937,1.2,19,18,0,True,False,wall,37878,9220
668,-10.4,0,0.6397695,0.01522438374813646,1.2,41,40,0,True,False,wall,37919,9230
669,-10.17,0,0.6395985,0.00028981062932871283,1.2,18,17,0,True,False,wall,37937,9235
670,-0.2699999999999996,10,0.6393230000000001,0.0002963343410686191,1.3,29,28,1,True,False,wall,37966,9242
671,-10.27,0,0.639057,0.04242722062502123,1.3,28,27,0,True,False,wall,37994,9249
672,-0.2699999999999978,10,0.6387815,0.04283928953684933,1.4,29,28,1,True,False,wall,38023,9256
673,-10.68,0,0.638126,0.0005567816107132887,1.4,69,68,0,True,False,wall,38092,9274
674,-10.15,0,0.637974,0.037364675183198415,1.4,16,15,0,True,False,wall,38108,9278
675,-0.3399999999999981,10,0.637632,0.016826455497519217,1.5,36,35,1,True,False,wall,38144,9287
676,-10.24,0,0.6373945000000001,0.02495046180653541,1.5,25,24,0,True,False,wall,38169,9293
677,-10.290000000000001,0,0.6371095,0.00040234117269782085,1.5,30,29,0,True,False,wall,38199,9300
678,-10.24,0,0.636872,0.0002973289894206183,1.5,25,24,0,True,False,wall,38224,9307
679,-10.32,0,0.6365585,0.01902105326189485,1.5,33,32,0,True,False,wall,38257,9315
680,-10.15,0,0.6364065,0.03655733376945136,1.5,16,15,0,True,False,wall,38273,9319
681,-10.27,0,0.6361405,0.021527270410193262,1.5,28,27,0,True,False,wall,38301,9326
682,-10.27,0,0.6358745,0.021479482955848134,1.5,28,27,0,True,False,wall,38329,9333
683,-10.2,0,0.635675,0.0005723417387343943,1.5,21,20,0,True,False,wall,38350,9338
684,-10.66,0,0.6350385000000001,0.009099969175568892,1.5,67,66,0,True,False,wall,38417,9355
685,-1.3599999999999905,10,0.6337275,0.017842723036986117,1.6,138,137,1,True,False,wall,38555,9389
686,-10.31,0,0.6334235,0.00033934885323105846,1.6,32,31,0,True,False,wall,38587,9397
687,-10.39,0,0.6330435000000001,0.00027163522026967256,1.6,40,39,0,True,False,wall,38627,9407
688,-10.32,0,0.63273,0.033308662467687905,1.6,33,32,0,True,False,wall,38660,9416
689,9.259999999999959,20,0.6319985,0.023737621789271208,1.8,77,76,2,True,False,wall,38737,9435
690,-10.89,0,0.6311435000000001,0.03421622001968155,1.8,90,89,0,True,False,wall,38827,9457
691,-10.700000000000001,0,0.630469,0.01740299326451754,1.8,71,70,0,True,False,wall,38898,9475
692,-10.98,0,0.6295285,0.01839908314519562,1.8,99,98,0,True,False,wall,38997,9500
693,-10.25,0,0.6292815,0.0012023112940369174,1.8,26,25,0,True,False,wall,39023,9506
694,-10.540000000000001,0,0.6287590000000001,0.04299432638384003,1.8,55,54,0,True,False,wall,39078,9520
695,-10.4,0,0.6283695,0.030557296876213513,1.8,41,40,0,True,False,wall,39119,9530
696,-11.200000000000001,0,0.62722,0.019673559778077047,1.8,121,120,0,True,False,wall,39240,9561
697,-10.36,0,0.6268685,0.03322866488856056,1.8,37,36,0,True,False,wall,39277,9570
698,-10.290000000000001,0,0.6265835,0.00034255477865891796,1.8,30,29,0,True,False,wall,39307,9577
699,-10.28,0,0.6263080000000001,0.0029060363413009327,1.8,29,28,0,True,False,wall,39336,9585
700,-10.16,0,0.6261465,0.037409604963613674,1.8,17,16,0,True,False,wall,39353,9589
701,-10.22,0,0.625928,0.0009614224642670403,1.8,23,22,0,True,False,wall,39376,9595
702,-10.780000000000001,0,0.6251774999999999,0.024763090310826602,1.8,79,78,0,True,False,wall,39455,9614
703,-10.51,0,0.6246835000000001,0.023571281458806388,1.7,52,51,0,True,False,wall,39507,9627
704,-0.6199999999999939,10,0.6240755,0.03759991234437621,1.8,64,63,1,True,False,wall,39571,9643
705,-10.88,0,0.62323,0.026497639746040753,1.8,89,88,0,True,False,wall,39660,9666
706,-10.83,0,0.622432,0.007497878646799585,1.8,84,83,0,True,False,wall,39744,9687
707,-10.24,0,0.6221945,0.025045606259178992,1.8,25,24,0,True,False,wall,39769,9693
708,-10.18,0,0.6220140000000001,0.0890458226785995,1.8,19,18,0,True,False,wall,39788,9698
709,-10.25,0,0.621767,0.02516039677235919,1.8,26,25,0,True,False,wall,39814,9704
710,-10.75,0,0.6210450000000001,0.016863963871544815,1.8,76,75,0,True,False,wall,39890,9723
711,-10.36,0,0.6206935,0.01698090678999304,1.7,37,36,0,True,False,wall,39927,9732
712,-10.49,0,0.6202185,0.011808571054224068,1.7,50,49,0,True,False,wall,39977,9745
713,-10.41,0,0.6198195,0.015083543285436462,1.7,42,41,0,True,False,wall,40019,9755
714,-11.180000000000001,0,0.618689,0.02006417215889087,1.7,119,118,0,True,False,wall,40138,9785
715,-10.44,0,0.6182615,0.0003061976008625193,1.7,45,44,0,True,False,wall,40183,9796
716,-10.21,0,0.6180525,0.024954985866012674,1.7,22,21,0,True,False,wall,40205,9802
717,-10.35,0,0.6177105,0.01674064132546644,1.7,36,35,0,True,False,wall,40241,9811
718,-10.48,0,0.617245,0.049797442043200135,1.7,49,48,0,True,False,wall,40290,9823
719,-11.040000000000001,0,0.6162475000000001,0.023330836472898506,1.7,105,104,0,True,False,wall,40395,9849
720,-0.5399999999999938,10,0.6157155000000001,0.010910679989527645,1.8,56,55,1,True,False,wall,40451,9863
721,-10.5,0,0.6152310000000001,0.02304786828104765,1.6,51,50,0,True,False,wall,40502,9876
722,-10.12,0,0.6151075,0.0006875825735429922,1.6,13,12,0,True,False,wall,40515,9879
723,-10.17,0,0.6149365,0.0005657206755131483,1.5,18,17,0,True,False,wall,40533,9884
724,-10.46,0,0.61449,0.01272934945761032,1.5,47,46,0,True,False,wall,40580,9896
725,-10.32,0,0.6141765,0.03726256177651521,1.5,33,32,0,True,False,wall,40613,9904
726,-10.36,0,0.6138250000000001,0.033419002478088565,1.5,37,36,0,True,False,wall,40650,9913
727,-10.32,0,0.6135115,0.03720516223620507,1.5,33,32,0,True,False,wall,40683,9921
728,9.529999999999994,20,0.6130365,0.0690129748545587,1.7,50,49,2,True,False,self,40733,9934
729,-10.27,0,0.6127705000000001,0.04297339514596388,1.6,28,27,0,True,False,wall,40761,9941
730,-10.370000000000001,0,0.6124095,0.017026894056471065,1.6,38,37,0,True,False,wall,40799,9950
731,-10.290000000000001,0,0.6121245,0.07467057848771219,1.6,30,29,0,True,False,wall,40829,9958
732,-10.74,0,0.6114120000000001,0.03183050550318225,1.6,75,74,0,True,False,wall,40904,9977
733,-10.450000000000001,0,0.610975,0.013726787428657355,1.6,46,45,0,True,False,wall,40950,9988
734,-10.57,0,0.6104240000000001,0.020061213676429664,1.6,58,57,0,True,False,wall,41008,10003
735,-10.370000000000001,0,0.610063,0.03337255899936685,1.6,38,37,0,True,False,wall,41046,10012
736,-10.25,0,0.609816,0.021582467864001437,1.6,26,25,0,True,False,wall,41072,10019
737,-10.24,0,0.6095785,0.00047565874895857024,1.5,25,24,0,True,False,wall,41097,10025
738,-10.32,0,0.609265,0.0004971851958543994,1.5,33,32,0,True,False,wall,41130,10033
739,-10.870000000000001,0,0.6084290000000001,0.027293049060972407,1.5,88,87,0,True,False,wall,41218,10055
740,-10.19,0,0.608239,0.060579534037970006,1.4,20,19,0,True,False,wall,41238,10060
741,-10.64,0,0.6076215,0.03755010735039832,1.4,65,64,0,True,False,wall,41303,10076
742,-10.2,0,0.607422,0.00043461441237013787,1.4,21,20,0,True,False,wall,41324,10082
743,-10.38,0,0.6070515000000001,0.016864277102285996,1.3,39,38,0,True,False,wall,41363,10091
744,-10.21,0,0.6068425,0.0003518387723791723,1.3,22,21,0,True,False,wall,41385,10097
745,-10.52,0,0.606339,0.000302531097146969,1.3,53,52,0,True,False,wall,41438,10110
746,-10.31,0,0.606035,0.019091663609287934,1.3,32,31,0,True,False,wall,41470,10118
747,-10.42,0,0.6056265000000001,0.013766792411016386,1.3,43,42,0,True,False,wall,41513,10129
748,-10.18,0,0.6054459999999999,0.00035689523501787336,1.2,19,18,0,True,False,wall,41532,10134
749,-10.31,0,0.6051420000000001,0.018788603254506597,1.1,32,31,0,True,False,wall,41564,10142
750,-10.9,0,0.6042775,0.007140709862472828,1.1,91,90,0,True,False,wall,41655,10164
751,-10.5,0,0.603793,0.034464966418454424,1.1,51,50,0,True,False,wall,41706,10177
752,-10.28,0,0.6035175,0.021603680868533308,1.1,29,28,0,True,False,wall,41735,10184
753,-10.2,0,0.603318,0.04998003081224548,1.1,21,20,0,True,False,wall,41756,10190
754,-11.09,0,0.6022730000000001,0.03342368967693161,1.1,110,109,0,True,False,wall,41866,10217
755,-11.200000000000001,0,0.6011234999999999,0.030013208997358258,1,121,120,0,True,False,wall,41987,10247
756,-10.56,0,0.6005820000000001,0.010296296077043129,1,57,56,0,True,False,wall,42044,10262
757,-10.620000000000001,0,0.5999835,0.010263945400947706,1,63,62,0,True,False,wall,42107,10277
758,-10.1,0,0.599879,0.09882912781904452,1,11,10,0,True,False,wall,42118,10280
759,-10.21,0,0.59967,0.00047913284894699853,1,22,21,0,True,False,wall,42140,10286
760,-0.9399999999999835,10,0.598758,0.02511491295263113,1.1,96,95,1,True,False,wall,42236,10310
761,-10.530000000000001,0,0.598245,0.0003409415087214886,1.1,54,53,0,True,False,wall,42290,10323
762,-10.290000000000001,0,0.59796,0.03744400915456936,1.1,30,29,0,True,False,wall,42320,10331
763,-10.26,0,0.5977034999999999,0.07425520940159913,1.1,27,26,0,True,False,wall,42347,10337
764,-10.23,0,0.5974755,0.025225692506258685,1.1,24,23,0,True,False,wall,42371,10343
765,-10.33,0,0.5971525,0.04963519594295778,1.1,34,33,0,True,False,wall,42405,10352
766,-10.24,0,0.5969150000000001,0.00041775225933330756,1.1,25,24,0,True,False,wall,42430,10358
767,-10.25,0,0.596668,0.00038027231806024375,1.1,26,25,0,True,False,wall,42456,10365
768,-10.42,0,0.5962595,0.030015018733683972,1.1,43,42,0,True,False,wall,42499,10375
769,-10.3,0,0.5959650000000001,0.0004814362073375378,1.1,31,30,0,True,False,wall,42530,10383
770,-10.47,0,0.5955090000000001,0.01271663867131186,1,48,47,0,True,False,wall,42578,10395
771,-10.67,0,0.594863,0.04386339860759429,1,68,67,0,True,False,wall,42646,10412
772,-10.22,0,0.5946445,0.0005527645068165535,0.9,23,22,0,True,False,wall,42669,10418
773,-10.63,0,0.5940365000000001,0.028048706689332903,0.9,64,63,0,True,False,wall,42733,10434
774,-10.19,0,0.5938464999999999,0.00046476818388327954,0.9,20,19,0,True,False,wall,42753,10439
775,-10.450000000000001,0,0.5934095,0.00038444924840322613,0.8,46,45,0,True,False,wall,42799,10450
776,-10.24,0,0.593172,0.021627361882045597,0.8,25,24,0,True,False,wall,42824,10457
777,-10.26,0,0.5929155,0.00041556014912202954,0.8,27,26,0,True,False,wall,42851,10463
778,-10.370000000000001,0,0.5925545000000001,0.00031484637947869486,0.8,38,37,0,True,False,wall,42889,10473
779,-10.15,0,0.5924025,0.036965689021599246,0.8,16,15,0,True,False,wall,42905,10477
780,-10.530000000000001,0,0.5918895,0.00031188118625253154,0.8,54,53,0,True,False,wall,42959,10490
781,-10.23,0,0.5916615000000001,0.00024394045127943778,0.8,24,23,0,True,False,wall,42983,10496
782,-10.17,0,0.5914905,0.0003320838310173713,0.8,18,17,0,True,False,wall,43001,10501
783,-10.64,0,0.590873,0.009611999789740366,0.8,65,64,0,True,False,wall,43066,10517
784,-10.98,0,0.5899325,0.029927565252874048,0.8,99,98,0,True,False,wall,43165,10542
785,-10.67,0,0.5892865,0.009183693803018233,0.7,68,67,0,True,False,wall,43233,10559
786,-0.6899999999999977,10,0.588612,0.008705629347079795,0.8,71,70,1,True,False,wall,43304,10577
787,-10.12,0,0.5884885,0.0003631453146226704,0.8,13,12,0,True,False,wall,43317,10580
788,-11.07,0,0.5874625,0.011357102745225549,0.8,108,107,0,True,False,wall,43425,10607
789,-11.840000000000002,0,0.585705,0.01965560166591667,0.6,185,184,0,True,False,wall,43610,10653
790,-11.290000000000001,0,0.58447,0.013888306164352054,0.6,130,129,0,True,False,wall,43740,10686
791,-10.15,0,0.584318,0.00045799664076184854,0.6,16,15,0,True,False,wall,43756,10690
792,-10.450000000000001,0,0.583881,0.027021128018862906,0.6,46,45,0,True,False,wall,43802,10701
793,-10.28,0,0.5836055,0.0004192391726454454,0.6,29,28,0,True,False,wall,43831,10708
794,-10.66,0,0.5829690000000001,0.035065727315240484,0.6,67,66,0,True,False,wall,43898,10725
795,-10.34,0,0.5826365,0.049635416938043714,0.6,35,34,0,True,False,wall,43933,10734
796,-12.399999999999993,0,0.580347,0.012975969804635194,0.6,241,240,0,True,False,wall,44174,10794
797,-0.4800000000000004,10,0.5798719999999999,0.01181380874522102,0.7,50,49,1,True,False,wall,44224,10807
798,-10.26,0,0.5796155000000001,0.0003735322122035238,0.7,27,26,0,True,False,wall,44251,10813
799,-10.47,0,0.5791595,0.0008137060334168685,0.7,48,47,0,True,False,wall,44299,10825
800,-10.27,0,0.5788935,0.021416126419873244,0.7,28,27,0,True,False,wall,44327,10832
801,-10.6,0,0.578314,0.0372463322510157,0.7,61,60,0,True,False,wall,44388,10848
802,-10.88,0,0.5774684999999999,0.020719964880051768,0.7,89,88,0,True,False,wall,44477,10870
803,-10.92,0,0.576585,0.019741565583820415,0.7,93,92,0,True,False,wall,44570,10893
804,-10.91,0,0.5757110000000001,0.006831770319916794,0.6,92,91,0,True,False,wall,44662,10916
805,-10.34,0,0.5753785,0.03286910103472312,0.6,35,34,0,True,False,wall,44697,10925
806,-12.209999999999997,0,0.5732695000000001,0.024629814897939056,0.6,222,221,0,True,False,wall,44919,10980
807,-11.64,0,0.5717019999999999,0.021529894660488935,0.6,165,164,0,True,False,wall,45084,11022
808,-10.41,0,0.571303,0.014994282343832311,0.6,42,41,0,True,False,wall,45126,11032
809,-1.5499999999999865,10,0.5698115,0.011769660303775126,0.7,157,156,1,True,False,wall,45283,11071
810,-10.33,0,0.5694885000000001,0.016803237616032776,0.7,34,33,0,True,False,wall,45317,11080
811,-10.91,0,0.5686145,0.01948401019478257,0.7,92,91,0,True,False,wall,45409,11103
812,-10.59,0,0.5680445000000001,0.03995123610269123,0.7,60,59,0,True,False,wall,45469,11118
813,-10.5,0,0.5675600000000001,0.023395477453819834,0.7,51,50,0,True,False,wall,45520,11131
814,-0.29999999999999716,10,0.567256,0.05607543307269225,0.8,32,31,1,True,False,wall,45552,11139
815,-10.49,0,0.566781,0.025758760030536603,0.8,50,49,0,True,False,wall,45602,11151
816,-10.24,0,0.5665435000000001,0.02623438877344597,0.8,25,24,0,True,False,wall,45627,11157
817,-10.790000000000001,0,0.5657835,0.03033123459026683,0.8,80,79,0,True,False,wall,45707,11177
818,-10.14,0,0.5656410000000001,0.000623210915364325,0.8,15,14,0,True,False,wall,45722,11181
819,-10.16,0,0.5654795,0.0370912942380528,0.8,17,16,0,True,False,wall,45739,11185
820,-11.180000000000001,0,0.564349,0.01524268537517249,0.7,119,118,0,True,False,wall,45858,11215
821,-10.28,0,0.5640735,0.06379134361382707,0.7,29,28,0,True,False,wall,45887,11222
822,-10.23,0,0.5638455,0.02539127418519153,0.7,24,23,0,True,False,wall,45911,11228
823,-10.32,0,0.563532,0.016809712364597038,0.7,33,32,0,True,False,wall,45944,11237
824,-10.35,0,0.5631900000000001,0.01677364483152309,0.7,36,35,0,True,False,wall,45980,11246
825,-10.36,0,0.5628385,0.0169337243359122,0.7,37,36,0,True,False,wall,46017,11255
826,-0.4399999999999977,10,0.5624015,0.02740655585446141,0.8,46,45,1,True,False,wall,46063,11266
827,-10.2,0,0.562202,0.025127640100739274,0.8,21,20,0,True,False,wall,46084,11272
828,-10.5,0,0.5617175000000001,0.012645691724173957,0.6,51,50,0,True,False,wall,46135,11284
829,-10.34,0,0.561385,0.01678907108402604,0.6,35,34,0,True,False,wall,46170,11293
830,-13.45999999999997,0,0.5580885,0.03449376327960468,0.6,347,346,0,True,False,wall,46517,11380
831,-10.17,0,0.5579175000000001,0.0006389843765646219,0.6,18,17,0,True,False,wall,46535,11384
832,-10.48,0,0.5574520000000001,0.023045792054080475,0.6,49,48,0,True,False,wall,46584,11397
833,-10.32,0,0.5571385,0.019016328576981323,0.6,33,32,0,True,False,wall,46617,11405
834,-10.82,0,0.55635,0.02156940768223389,0.6,83,82,0,True,False,wall,46700,11426
835,-10.370000000000001,0,0.5559890000000001,0.00042670547393047146,0.6,38,37,0,True,False,wall,46738,11435
836,-10.290000000000001,0,0.555704,0.0371481576385122,0.6,30,29,0,True,False,wall,46768,11443
837,-10.530000000000001,0,0.555191,0.011845872909851516,0.6,54,53,0,True,False,wall,46822,11456
838,-10.23,0,0.5549630000000001,0.0003657099562891138,0.6,24,23,0,True,False,wall,46846,11462
839,-10.15,0,0.554811,0.037320529045246076,0.6,16,15,0,True,False,wall,46862,11466
840,-10.850000000000001,0,0.553994,0.013709325323526917,0.6,86,85,0,True,False,wall,46948,11488
841,-10.46,0,0.5535475000000001,0.01375219835608732,0.6,47,46,0,True,False,wall,46995,11499
842,-10.38,0,0.553177,0.00035521141689969226,0.6,39,38,0,True,False,wall,47034,11509
843,9.559999999999981,20,0.5527305,0.0003187519929876241,0.8,47,46,2,True,False,self,47081,11521
844,-10.72,0,0.552037,0.024911538793983508,0.8,73,72,0,True,False,wall,47154,11539
845,-10.28,0,0.5517615,0.0006292193970044277,0.8,29,28,0,True,False,wall,47183,11546
846,-10.9,0,0.550897,0.04530223371820403,0.8,91,90,0,True,False,wall,47274,11569
847,-0.41999999999999993,10,0.550479,0.0004028019003189084,0.9,44,43,1,True,False,wall,47318,11580
848,-0.6099999999999905,10,0.5498805,0.018839408826352155,1,63,62,1,True,False,wall,47381,11596
849,-10.24,0,0.5496430000000001,0.024936085760903854,1,25,24,0,True,False,wall,47406,11602
850,-10.89,0,0.548788,0.038979377796868386,1,90,89,0,True,False,wall,47496,11625
851,-10.870000000000001,0,0.547952,0.020476698280121622,1,88,87,0,True,False,wall,47584,11647
852,-10.36,0,0.5476004999999999,0.00044967458880920376,1,37,36,0,True,False,wall,47621,11656
853,-10.73,0,0.5468975,0.03313973440203376,1,74,73,0,True,False,wall,47695,11674
854,-0.22999999999999687,10,0.54666,0.04243916598456313,1.1,25,24,1,True,False,wall,47720,11681
855,-10.15,0,0.546508,0.0004996212592232041,1.1,16,15,0,True,False,wall,47736,11685
856,-11.14,0,0.5454155,0.021528709506778147,1.1,115,114,0,True,False,wall,47851,11713
857,-10.24,0,0.5451779999999999,0.0004027610079252294,1.1,25,24,0,True,False,wall,47876,11720
858,-0.40999999999999126,10,0.5447695,0.015000913172843865,1.2,43,42,1,True,False,wall,47919,11730
859,-10.56,0,0.5442279999999999,0.010215773163751388,1.2,57,56,0,True,False,wall,47976,11745
860,-10.34,0,0.5438955000000001,0.09225981074632728,1.1,35,34,0,True,False,wall,48011,11753
861,-10.36,0,0.543544,0.0005251366965239868,1.1,37,36,0,True,False,wall,48048,11763
862,8.859999999999989,20,0.5424325,0.030883457920622435,1.3,117,116,2,True,False,self,48165,11792
863,-10.32,0,0.542119,0.00037519490797421895,1.3,33,32,0,True,False,wall,48198,11800
864,-10.39,0,0.541739,0.0003166641326970421,1.3,40,39,0,True,False,wall,48238,11810
865,-10.2,0,0.5415395000000001,0.0002000953070819378,1.3,21,20,0,True,False,wall,48259,11815
866,-10.66,0,0.540903,0.0176794063531013,1.3,67,66,0,True,False,wall,48326,11832
867,-0.7999999999999883,10,0.540124,0.028296247622901796,1.4,82,81,1,True,False,wall,48408,11853
868,-10.18,0,0.5399435,0.0002662084989424329,1.4,19,18,0,True,False,wall,48427,11857
869,-10.6,0,0.5393640000000001,0.01868039062992466,1.4,61,60,0,True,False,wall,48488,11873
870,-10.540000000000001,0,0.5388415,0.02284559779890025,1.4,55,54,0,True,False,wall,48543,11886
871,-10.28,0,0.5385660000000001,0.01859037412214093,1.4,29,28,0,True,False,wall,48572,11894
872,-1.3199999999999878,10,0.537293,0.022720558855022926,1.5,134,133,1,True,False,wall,48706,11927
873,-10.55,0,0.536761,0.010887118519998953,1.5,56,55,0,True,False,wall,48762,11941
874,-10.38,0,0.5363905,0.00030037718534003943,1.5,39,38,0,True,False,wall,48801,11951
875,-10.41,0,0.5359915000000001,0.015071372810780304,1.5,42,41,0,True,False,wall,48843,11961
876,-10.23,0,0.5357635000000001,0.00032404830077818286,1.5,24,23,0,True,False,wall,48867,11967
877,-10.790000000000001,0,0.5350035,0.007577050417603459,1.5,80,79,0,True,False,wall,48947,11987
878,-11.260000000000002,0,0.5337970000000001,0.004983141993761819,1.5,127,126,0,True,False,wall,49074,12019
879,-10.12,0,0.5336735,0.0004362336282307903,1.5,13,12,0,True,False,wall,49087,12022
880,-10.56,0,0.533132,0.00029095780143203835,1.5,57,56,0,True,False,wall,49144,12037
881,-10.26,0,0.5328755000000001,0.024854710762156174,1.5,27,26,0,True,False,wall,49171,12043
882,-10.450000000000001,0,0.5324385,0.012576764753854755,1.5,46,45,0,True,False,wall,49217,12055
883,-10.43,0,0.5320205,0.0273041676052592,1.5,44,43,0,True,False,wall,49261,12066
884,-10.4,0,0.531631,0.014890167873818427,1.5,41,40,0,True,False,wall,49302,12076
885,-0.6599999999999895,10,0.530985,0.0089661156936713,1.6,68,67,1,True,False,wall,49370,12093
886,-10.41,0,0.530586,0.02729627476682336,1.5,42,41,0,True,False,wall,49412,12104
887,-10.74,0,0.5298735000000001,0.008703657967594659,1.5,75,74,0,True,False,wall,49487,12122
888,-10.32,0,0.52956,0.00030292874240937334,1.5,33,32,0,True,False,wall,49520,12131
889,-10.63,0,0.5289520000000001,0.03712545260350453,1.5,64,63,0,True,False,wall,49584,12147
890,-0.399999999999995,10,0.528553,0.0010938350344076753,1.6,42,41,1,True,False,wall,49626,12157
891,-10.370000000000001,0,0.528192,0.029908369129407218,1.6,38,37,0,True,False,wall,49664,12167
892,-10.68,0,0.5275365000000001,0.01781992550668827,1.6,69,68,0,True,False,wall,49733,12184
893,-1.0299999999999834,10,0.5265390000000001,0.005968858681556482,1.7,105,104,1,True,False,wall,49838,12210
894,-10.55,0,0.526007,0.010736656547773496,1.7,56,55,0,True,False,wall,49894,12224
895,-10.44,0,0.5255795000000001,0.05398532177522694,1.7,45,44,0,True,False,wall,49939,12235
896,-10.27,0,0.5253135,0.0005095041207303959,1.7,28,27,0,True,False,wall,49967,12242
897,-10.16,0,0.5251520000000001,0.059141047997400165,1.6,17,16,0,True,False,wall,49984,12247
898,-10.31,0,0.524848,0.0192482302627468,1.6,32,31,0,True,False,wall,50016,12255
899,-1.029999999999987,10,0.5238505,0.0229836275953298,1.7,105,104,1,True,False,wall,50121,12281
900,-10.850000000000001,0,0.5230334999999999,0.014325087875477038,1.7,86,85,0,True,False,wall,50207,12302
901,-10.47,0,0.5225774999999999,0.049627010004769545,1.7,48,47,0,True,False,wall,50255,12314
902,-10.23,0,0.5223495,0.025379306549439207,1.7,24,23,0,True,False,wall,50279,12320
903,-10.530000000000001,0,0.5218365,0.010882291772369561,1.7,54,53,0,True,False,wall,50333,12334
904,-10.72,0,0.5211430000000001,0.041629363022770524,1.7,73,72,0,True,False,wall,50406,12352
905,-10.4,0,0.5207535000000001,0.015194800485915039,1.7,41,40,0,True,False,wall,50447,12362
906,-10.93,0,0.5198605000000001,0.012790581156878034,1.7,94,93,0,True,False,wall,50541,12386
907,-10.27,0,0.5195945000000001,0.00027123980856101425,1.7,28,27,0,True,False,wall,50569,12393
908,-0.7099999999999991,10,0.5189010000000001,0.009099921635222726,1.8,73,72,1,True,False,wall,50642,12411
909,-10.33,0,0.518578,0.016732659578944247,1.7,34,33,0,True,False,wall,50676,12420
910,-10.42,0,0.5181695,0.029832748904300387,1.7,43,42,0,True,False,wall,50719,12430
911,-11.24,0,0.516982,0.014203711549271247,1.7,125,124,0,True,False,wall,50844,12462
912,-0.28999999999999737,10,0.5166875,0.02142235072304694,1.8,31,30,1,True,False,wall,50875,12469
913,-10.26,0,0.516431,0.00027917535252137374,1.8,27,26,0,True,False,wall,50902,12476
914,-10.12,0,0.5163075,0.04930234065007729,1.7,13,12,0,True,False,wall,50915,12479
915,-10.14,0,0.516165,0.03724474435875891,1.7,15,14,0,True,False,wall,50930,12483
916,-0.8799999999999866,10,0.51531,0.026241188384238227,1.8,90,89,1,True,False,wall,51020,12506
917,-10.2,0,0.5151105,0.029878145159455017,1.8,21,20,0,True,False,wall,51041,12511
918,-10.28,0,0.5148349999999999,0.00043100090364792516,1.8,29,28,0,True,False,wall,51070,12518
919,-0.7399999999999878,10,0.514113,0.031524206657195464,1.9,76,75,1,True,False,wall,51146,12537
920,-10.81,0,0.5133340000000001,0.007437838578230834,1.9,82,81,0,True,False,wall,51228,12558
921,-10.32,0,0.5130205,0.018960466182761593,1.9,33,32,0,True,False,wall,51261,12566
922,-11.030000000000001,0,0.5120325,0.01181192958084956,1.9,104,103,0,True,False,wall,51365,12592
923,-10.33,0,0.5117095,0.01877524501105654,1.9,34,33,0,True,False,wall,51399,12600
924,-10.98,0,0.510769,0.006429226615582592,1.9,99,98,0,True,False,wall,51498,12625
925,-0.44999999999999396,10,0.5103225,0.012693447399215074,2,47,46,1,True,False,wall,51545,12637
926,-10.43,0,0.5099045,0.013901535215237263,1.9,44,43,0,True,False,wall,51589,12648
927,-10.15,0,0.5097525,0.00030469930061371997,1.9,16,15,0,True,False,wall,51605,12652
928,-10.540000000000001,0,0.5092300000000001,0.052957318182702044,1.9,55,54,0,True,False,wall,51660,12666
929,-10.74,0,0.5085175000000001,0.02519081200039687,1.9,75,74,0,True,False,wall,51735,12684
930,-10.51,0,0.5080235,0.0003796880393145749,1.9,52,51,0,True,False,wall,51787,12697
931,-10.2,0,0.507824,0.049453411619955055,1.9,21,20,0,True,False,wall,51808,12703
932,-10.56,0,0.5072825,0.021570932782196905,1.9,57,56,0,True,False,wall,51865,12717
933,-0.3599999999999959,10,0.5069215,0.016847625436235428,2,38,37,1,True,False,wall,51903,12726
934,-10.47,0,0.5064655,0.0004121705957610781,2,48,47,0,True,False,wall,51951,12738
935,-10.64,0,0.5058480000000001,0.009013595591942944,2,65,64,0,True,False,wall,52016,12755
936,-0.5999999999999925,10,0.505259,0.010081799621305738,2.1,62,61,1,True,False,wall,52078,12770
937,-10.31,0,0.504955,0.018714616573561216,2.1,32,31,0,True,False,wall,52110,12778
938,-10.73,0,0.504252,0.039259181920466575,2.1,74,73,0,True,False,wall,52184,12797
939,-10.49,0,0.5037769999999999,0.012709895815836111,2.1,50,49,0,True,False,wall,52234,12809
940,-0.8499999999999837,10,0.5029505000000001,0.00033716703646033153,2.2,87,86,1,True,False,wall,52321,12831
941,-10.700000000000001,0,0.502276,0.03312657646246306,2.2,71,70,0,True,False,wall,52392,12849
942,-10.15,0,0.502124,0.001915487227961421,2.2,16,15,0,True,False,wall,52408,12853
943,-10.24,0,0.5018865000000001,0.025234841402076807,2,25,24,0,True,False,wall,52433,12859
944,-10.33,0,0.5015635,0.037557737003226066,2,34,33,0,True,False,wall,52467,12867
945,-10.22,0,0.5013449999999999,0.00031020222619796794,2,23,22,0,True,False,wall,52490,12873
946,-10.48,0,0.5008794999999999,0.01264843474442993,2,49,48,0,True,False,wall,52539,12885
947,-10.21,0,0.5006705,0.024921233045461122,1.9,22,21,0,True,False,wall,52561,12891
948,-10.26,0,0.500414,0.04247740086533928,1.8,27,26,0,True,False,wall,52588,12898
949,-10.34,0,0.5000815000000001,0.01880544064079004,1.8,35,34,0,True,False,wall,52623,12906
950,-0.3699999999999992,10,0.499711,0.014957440127909649,1.9,39,38,1,True,False,wall,52662,12916
951,-11.22,0,0.4985425,0.01945675505586194,1.9,123,122,0,True,False,wall,52785,12947
952,-10.530000000000001,0,0.4980295,0.03445345291178315,1.9,54,53,0,True,False,wall,52839,12960
953,-10.27,0,0.4977635,0.0005076415213157556,1.9,28,27,0,True,False,wall,52867,12967
954,-0.7999999999999865,10,0.49698450000000005,0.007292092905291135,1.9,82,81,1,True,False,wall,52949,12988
955,-10.6,0,0.496405,0.03970655327721033,1.9,61,60,0,True,False,wall,53010,13003
956,-10.55,0,0.495873,0.010922307624631295,1.9,56,55,0,True,False,wall,53066,13017
957,-0.8999999999999826,10,0.49499899999999997,0.019695396977350236,2,92,91,1,True,False,wall,53158,13040
958,-10.12,0,0.4948755,0.049551667218717434,1.9,13,12,0,True,False,wall,53171,13043
959,-1.1799999999999962,10,0.4937355,0.01521543553341568,2,120,119,1,True,False,wall,53291,13073
960,-11.32,0,0.492472,0.01801893530158422,2,133,132,0,True,False,wall,53424,13107
961,-10.450000000000001,0,0.4920350000000001,0.00034909329472363674,2,46,45,0,True,False,wall,53470,13118
962,-10.92,0,0.49115149999999996,0.01958925767584056,1.8,93,92,0,True,False,wall,53563,13141
963,-10.22,0,0.49093300000000006,0.02492121020623017,1.8,23,22,0,True,False,wall,53586,13147
964,-10.23,0,0.49070500000000006,0.025018268104759045,1.8,24,23,0,True,False,wall,53610,13153
965,-2.8199999999999523,10,0.4880070000000001,0.01493941622554213,1.9,284,283,1,True,False,wall,53894,13224
966,-11.610000000000001,0,0.486468,0.03639226276945698,1.9,162,161,0,True,False,wall,54056,13265
967,-10.24,0,0.4862305,0.0003233425983732256,1.8,25,24,0,True,False,wall,54081,13271
968,-10.13,0,0.48609749999999996,0.0002936394012067467,1.8,14,13,0,True,False,wall,54095,13274
969,-10.47,0,0.48564150000000006,0.0002716231926266725,1.8,48,47,0,True,False,wall,54143,13286
970,-10.48,0,0.48517600000000005,0.02323754490666593,1.8,49,48,0,True,False,wall,54192,13299
971,-10.18,0,0.4849955,0.03688215337751899,1.8,19,18,0,True,False,wall,54211,13303
972,-10.12,0,0.48487199999999997,0.00048008764861151576,1.7,13,12,0,True,False,wall,54224,13307
973,-0.7200000000000006,10,0.48416899999999996,0.049510007087923844,1.8,74,73,1,True,False,wall,54298,13325
974,-0.9899999999999842,10,0.48320950000000007,0.04191363678779453,1.9,101,100,1,True,False,wall,54399,13350
975,-10.32,0,0.482896,0.033421360871418275,1.9,33,32,0,True,False,wall,54432,13359
976,-10.89,0,0.48204099999999994,0.01362138086948438,1.9,90,89,0,True,False,wall,54522,13381
977,-10.42,0,0.4816325,0.00032968102261127734,1.9,43,42,0,True,False,wall,54565,13392
978,-0.8799999999999919,10,0.4807775000000001,0.04042498816521733,2,90,89,1,True,False,wall,54655,13414
979,-11.07,0,0.4797515000000001,0.016769062385450256,2,108,107,0,True,False,wall,54763,13441
980,-11.350000000000001,0,0.47845950000000004,0.03077846187764354,2,136,135,0,True,False,wall,54899,13475
981,-10.31,0,0.47815550000000007,0.00041530048292770516,2,32,31,0,True,False,wall,54931,13483
982,-10.67,0,0.47750950000000003,0.026486159721731812,2,68,67,0,True,False,wall,54999,13500
983,-10.57,0,0.47695850000000006,0.02036316042843585,2,58,57,0,True,False,wall,55057,13515
984,-10.35,0,0.4766165,0.0002820504224574607,2,36,35,0,True,False,wall,55093,13524
985,-0.6399999999999899,10,0.47598949999999995,0.00030678730490762973,2,66,65,1,True,False,wall,55159,13540
986,-0.4899999999999931,10,0.47550499999999996,0.034534918278670654,2.1,51,50,1,True,False,wall,55210,13553
987,-10.33,0,0.475182,0.03300954714520938,2.1,34,33,0,True,False,wall,55244,13562
988,-10.35,0,0.47484000000000004,0.0002988363347766507,2.1,36,35,0,True,False,wall,55280,13571
989,-10.2,0,0.4746405,0.029582509520696475,2.1,21,20,0,True,False,wall,55301,13576
990,-10.46,0,0.474194,0.012475136292778188,2,47,46,0,True,False,wall,55348,13588
991,-10.34,0,0.47386149999999994,0.0003373163635842502,2,35,34,0,True,False,wall,55383,13596
992,-10.57,0,0.4733105000000001,0.029885566708010933,2,58,57,0,True,False,wall,55441,13611
993,-0.34999999999999964,10,0.472959,0.016485632956674736,2,37,36,1,True,False,wall,55478,13620
994,-10.34,0,0.47262650000000006,0.016642042726743966,2,35,34,0,True,False,wall,55513,13629
995,-10.51,0,0.47213250000000007,0.011597697780906366,2,52,51,0,True,False,wall,55565,13642
996,-10.38,0,0.471762,0.014937673477106728,2,39,38,0,True,False,wall,55604,13652
997,-10.22,0,0.4715435,0.08864950176794081,2,23,22,0,True,False,wall,55627,13657
998,-0.6399999999999899,10,0.47091649999999996,0.052973110908436975,2.1,66,65,1,True,False,wall,55693,13674
999,-0.31999999999999673,10,0.4705935,0.0190777137868281,2.1,34,33,1,True,False,wall,55727,13682
1000,-10.31,0,0.4702895,0.018718420073128073,2.1,32,31,0,True,False,wall,55759,13690
1001,-10.13,0,0.4701565000000001,0.00034208867145935073,2.1,14,13,0,True,False,wall,55773,13694
1002,9.559999999999995,20,0.46970999999999996,0.02523850998598694,2.3,47,46,2,True,False,self,55820,13706
1003,-10.27,0,0.4694440000000001,0.02141336468256278,2.3,28,27,0,True,False,wall,55848,13713
1004,-11.270000000000001,0,0.468228,0.028103745633870858,2.3,128,127,0,True,False,wall,55976,13745
1005,-10.790000000000001,0,0.4674680000000001,0.022520960906695107,2.3,80,79,0,True,False,wall,56056,13765
1006,-10.15,0,0.46731600000000006,0.00041900837823050097,2.3,16,15,0,True,False,wall,56072,13769
1007,9.539999999999992,20,0.46685050000000006,0.08626060105840831,2.5,49,48,2,True,False,self,56121,13781
1008,-10.31,0,0.4665465000000001,0.01899746440903982,2.4,32,31,0,True,False,wall,56153,13789
1009,-10.89,0,0.46569150000000004,0.027123853738885373,2.4,90,89,0,True,False,wall,56243,13811
1010,-10.68,0,0.4650360000000001,0.033111575582653235,2.4,69,68,0,True,False,wall,56312,13829
1011,-10.46,0,0.4645895,0.06730634927887215,2.4,47,46,0,True,False,wall,56359,13840
1012,-10.47,0,0.4641335000000001,0.012619910081411945,2.3,48,47,0,True,False,wall,56407,13852
1013,-11.040000000000001,0,0.4631360000000001,0.03309157951109767,2.3,105,104,0,True,False,wall,56512,13879
1014,-10.21,0,0.4629270000000001,0.08857612151186914,2.3,22,21,0,True,False,wall,56534,13884
1015,-10.26,0,0.4626705000000001,0.021487563208211213,2.3,27,26,0,True,False,wall,56561,13891
1016,-10.28,0,0.4623950000000001,0.04228711381438188,2.2,29,28,0,True,False,wall,56590,13898
1017,-10.2,0,0.4621955,0.00040871642413549126,2.2,21,20,0,True,False,wall,56611,13903
1018,-12.189999999999998,0,0.46010550000000006,0.02987848003474276,2.2,220,219,0,True,False,wall,56831,13958
1019,-10.28,0,0.45983000000000007,0.0003302302175143268,2.1,29,28,0,True,False,wall,56860,13966
1020,-10.11,0,0.459716,0.04938817402580753,2.1,12,11,0,True,False,wall,56872,13969
1021,-10.41,0,0.4593170000000001,0.0002730486885411665,2.1,42,41,0,True,False,wall,56914,13979
1022,-11.110000000000001,0,0.458253,0.016027361322423012,2.1,112,111,0,True,False,wall,57026,14007
1023,-10.5,0,0.4577685,0.04559378686826676,2.1,51,50,0,True,False,wall,57077,14020
1024,-10.46,0,0.457322,0.02503946012924037,2.1,47,46,0,True,False,wall,57124,14032
1025,-10.23,0,0.457094,0.00043810094939544797,2,24,23,0,True,False,wall,57148,14038
1026,-10.23,0,0.456866,0.04987937968689948,2,24,23,0,True,False,wall,57172,14044
1027,-10.2,0,0.4566665,0.00048789919237606226,2,21,20,0,True,False,wall,57193,14049
1028,-10.27,0,0.4564005,0.02155047720381325,2,28,27,0,True,False,wall,57221,14056
1029,-10.42,0,0.45599199999999995,0.013680731052194129,2,43,42,0,True,False,wall,57264,14067
1030,-0.09999999999999787,10,0.455878,0.049572506288920216,2.1,12,11,1,True,False,wall,57276,14070
1031,-10.790000000000001,0,0.455118,0.015070599270256935,2.1,80,79,0,True,False,wall,57356,14090
1032,-0.5799999999999894,10,0.45454800000000006,0.01999931279666877,2.2,60,59,1,True,False,wall,57416,14105
1033,-10.370000000000001,0,0.454187,0.00036177421861793846,2.1,38,37,0,True,False,wall,57454,14114
1034,-10.12,0,0.45406350000000006,0.049267961866765596,2.1,13,12,0,True,False,wall,57467,14117
1035,-10.700000000000001,0,0.45338900000000004,0.041373425653243125,2.1,71,70,0,True,False,wall,57538,14135
1036,-10.27,0,0.45312300000000005,0.02148139395701167,2,28,27,0,True,False,wall,57566,14142
1037,-10.860000000000001,0,0.4522965,0.013776679256063124,2,87,86,0,True,False,wall,57653,14164
1038,-10.19,0,0.4521065000000001,0.00038008922128938136,2,20,19,0,True,False,wall,57673,14169
1039,-10.43,0,0.45168850000000005,0.027143502510046925,2,44,43,0,True,False,wall,57717,14180
1040,-10.870000000000001,0,0.4508525000000001,0.04724098632075104,1.9,88,87,0,True,False,wall,57805,14202
1041,-10.61,0,0.45026350000000004,0.0198277816263726,1.9,62,61,0,True,False,wall,57867,14217
1042,-10.22,0,0.45004500000000003,0.0002809860064492871,1.9,23,22,0,True,False,wall,57890,14223
1043,-0.7199999999999882,10,0.449342,0.0234980627451717,2,74,73,1,True,False,wall,57964,14242
1044,-10.15,0,0.4491900000000001,0.00043779237603303045,2,16,15,0,True,False,wall,57980,14246
1045,-10.370000000000001,0,0.44882900000000003,0.04960349889653218,2,38,37,0,True,False,wall,58018,14255
1046,-10.57,0,0.44827799999999995,0.0003362649683064471,2,58,57,0,True,False,wall,58076,14270
1047,-10.16,0,0.44811650000000003,0.03692881271854276,2,17,16,0,True,False,wall,58093,14274
1048,-10.2,0,0.447917,0.0002487266145180911,2,21,20,0,True,False,wall,58114,14279
1049,-10.34,0,0.44758450000000005,0.049630898794728436,2,35,34,0,True,False,wall,58149,14288
1050,-10.23,0,0.44735650000000005,0.0005333764420356601,1.9,24,23,0,True,False,wall,58173,14294
1051,-10.17,0,0.4471855,0.00042191009197267704,1.9,18,17,0,True,False,wall,58191,14298
1052,-10.34,0,0.44685300000000006,0.0003795789380092174,1.9,35,34,0,True,False,wall,58226,14307
1053,-10.32,0,0.4465395,0.01864448512060335,1.9,33,32,0,True,False,wall,58259,14315
1054,-10.620000000000001,0,0.44594100000000003,0.06508138480057823,1.8,63,62,0,True,False,wall,58322,14331
1055,-10.23,0,0.445713,0.02488034714284974,1.8,24,23,0,True,False,wall,58346,14337
1056,-10.74,0,0.4450005,0.008203859941108692,1.8,75,74,0,True,False,wall,58421,14356
1057,-10.34,0,0.44466800000000006,0.01669797500653658,1.7,35,34,0,True,False,wall,58456,14365
1058,-0.6799999999999891,10,0.44400300000000004,0.0176750925662311,1.8,70,69,1,True,False,wall,58526,14382
1059,-0.5499999999999972,10,0.44346150000000006,0.010805800631974958,1.8,57,56,1,True,False,wall,58583,14396
1060,-10.16,0,0.4433,0.0003003060119226575,1.8,17,16,0,True,False,wall,58600,14401
1061,-10.73,0,0.442597,0.02486460930878012,1.8,74,73,0,True,False,wall,58674,14419
1062,-10.19,0,0.442407,0.00026443581737112254,1.8,20,19,0,True,False,wall,58694,14424
1063,-10.19,0,0.4422170000000001,0.02991945421672426,1.8,20,19,0,True,False,wall,58714,14429
1064,-10.41,0,0.44181800000000004,0.02705104090934831,1.8,42,41,0,True,False,wall,58756,14440
1065,-10.540000000000001,0,0.44129549999999995,0.02308375796732994,1.7,55,54,0,True,False,wall,58811,14453
1066,-10.34,0,0.440963,0.033236505876023635,1.7,35,34,0,True,False,wall,58846,14462
1067,-10.25,0,0.440716,0.0213358724597908,1.7,26,25,0,True,False,wall,58872,14469
1068,-10.73,0,0.440013,0.008610286180757813,1.7,74,73,0,True,False,wall,58946,14487
1069,-10.61,0,0.4394239999999999,0.03721343879624328,1.7,62,61,0,True,False,wall,59008,14503
1070,-0.5499999999999989,10,0.43888250000000006,0.011057653848963258,1.8,57,56,1,True,False,wall,59065,14517
1071,-1.2099999999999955,10,0.43771400000000005,0.02411629985726904,1.9,123,122,1,True,False,wall,59188,14548
1072,-10.51,0,0.43721999999999994,0.011669913188178236,1.9,52,51,0,True,False,wall,59240,14561
1073,-10.780000000000001,0,0.43646950000000007,0.02358291862305793,1.8,79,78,0,True,False,wall,59319,14580
1074,-12.199999999999998,0,0.43437000000000003,0.03188761202857547,1.7,221,220,0,True,False,wall,59540,14636
1075,-10.58,0,0.43380949999999996,0.031774305265571456,1.7,59,58,0,True,False,wall,59599,14650
1076,-10.15,0,0.43365750000000003,0.00035962858601124026,1.7,16,15,0,True,False,wall,59615,14654
1077,-10.23,0,0.4334295,0.025249056993440416,1.7,24,23,0,True,False,wall,59639,14660
1078,-10.52,0,0.43292600000000003,0.04249399043848306,1.6,53,52,0,True,False,wall,59692,14674
1079,-11.100000000000001,0,0.4318715000000001,0.005737267894868704,1.6,111,110,0,True,False,wall,59803,14701
1080,-11.540000000000001,0,0.430399,0.015483865676707445,1.6,155,154,0,True,False,wall,59958,14740
1081,-10.35,0,0.430057,0.000573352528994696,1.6,36,35,0,True,False,wall,59994,14749
1082,-10.66,0,0.4294205000000001,0.03469771063400378,1.6,67,66,0,True,False,wall,60061,14766
1083,-10.44,0,0.42899299999999996,0.013610677333252335,1.6,45,44,0,True,False,wall,60106,14777
1084,-0.5999999999999996,10,0.428404,0.02790278159227455,1.7,62,61,1,True,False,wall,60168,14793
1085,8.899999999999963,20,0.42733050000000006,0.047625674025247075,1.8,113,112,2,True,False,wall,60281,14821
1086,-10.34,0,0.426998,0.0003260404240184774,1.7,35,34,0,True,False,wall,60316,14830
1087,-10.51,0,0.426504,0.057060451412466,1.7,52,51,0,True,False,wall,60368,14843
1088,-10.34,0,0.42617150000000004,0.0006156266390462406,1.7,35,34,0,True,False,wall,60403,14851
1089,-10.31,0,0.42586749999999995,0.03713547400548123,1.7,32,31,0,True,False,wall,60435,14859
1090,-11.450000000000001,0,0.42448050000000004,0.02818969743935127,1.7,146,145,0,True,False,wall,60581,14896
1091,-10.51,0,0.42398650000000004,0.022859234212843988,1.7,52,51,0,True,False,wall,60633,14909
1092,-10.74,0,0.42327400000000004,0.0468624931420077,1.7,75,74,0,True,False,wall,60708,14928
1093,-11.47,0,0.421868,0.024403445298761456,1.6,148,147,0,True,False,wall,60856,14965
1094,-10.41,0,0.4214690000000001,0.01507924026082037,1.6,42,41,0,True,False,wall,60898,14975
1095,-10.530000000000001,0,0.4209560000000001,0.031939803397108335,1.6,54,53,0,True,False,wall,60952,14989
1096,-10.18,0,0.4207755000000001,0.00025653469492681324,1.6,19,18,0,True,False,wall,60971,14993
1097,-1.8099999999999916,10,0.4190370000000001,0.026048488513207183,1.7,183,182,1,True,False,wall,61154,15039
1098,-1.0799999999999983,10,0.41799200000000003,0.01612022419015245,1.7,110,109,1,True,False,wall,61264,15067
1099,-10.27,0,0.41772600000000004,0.042856059062095095,1.6,28,27,0,True,False,wall,61292,15074
1100,8.920000000000009,20,0.4166715000000001,0.011291236243710888,1.8,111,110,2,True,False,self,61403,15101
1101,-10.22,0,0.41645299999999996,0.025018896946373086,1.8,23,22,0,True,False,wall,61426,15107
1102,-0.28999999999999915,10,0.4161585000000001,0.018890885228756815,1.7,31,30,1,True,False,wall,61457,15115
1103,-10.790000000000001,0,0.4153985,0.03723102830699645,1.7,80,79,0,True,False,wall,61537,15135
1104,-10.36,0,0.41504700000000005,0.03349496270594601,1.7,37,36,0,True,False,wall,61574,15144
1105,-10.290000000000001,0,0.41476199999999996,0.018909047023043968,1.7,30,29,0,True,False,wall,61604,15152
1106,-11.71,0,0.41312800000000005,0.01755053538938735,1.7,172,171,0,True,False,wall,61776,15195
1107,-10.38,0,0.4127575,0.016690871907889634,1.5,39,38,0,True,False,wall,61815,15204
1108,-0.37999999999999723,10,0.41237749999999995,0.05935777092818171,1.6,40,39,1,True,False,wall,61855,15214
1109,-10.88,0,0.411532,0.013134786548502945,1.6,89,88,0,True,False,wall,61944,15237
1110,-10.21,0,0.411323,0.02978659075452015,1.6,22,21,0,True,False,wall,61966,15242
1111,-10.28,0,0.4110475,0.021113186845988303,1.6,29,28,0,True,False,wall,61995,15249
1112,-10.77,0,0.4103065,0.01519635901786387,1.6,78,77,0,True,False,wall,62073,15269
1113,-10.47,0,0.4098505,0.02496956793766003,1.6,48,47,0,True,False,wall,62121,15281
1114,-11.63,0,0.40829250000000006,0.018308961704350646,1.6,164,163,0,True,False,wall,62285,15322
1115,-10.46,0,0.40784600000000004,0.012612751641427167,1.6,47,46,0,True,False,wall,62332,15334
1116,-10.77,0,0.40710500000000005,0.01604004593958196,1.6,78,77,0,True,False,wall,62410,15353
1117,-10.91,0,0.406231,0.019557656169838636,1.6,92,91,0,True,False,wall,62502,15376
1118,-10.23,0,0.406003,0.025102469260067057,1.6,24,23,0,True,False,wall,62526,15382
1119,8.120000000000015,20,0.40418850000000006,0.009514755101614961,1.8,191,190,2,True,False,wall,62717,15430
1120,-0.5399999999999938,10,0.4036565,0.05290125740949796,1.9,56,55,1,True,False,wall,62773,15444
1121,-10.27,0,0.4033905000000001,0.042761392442376485,1.9,28,27,0,True,False,wall,62801,15451
1122,-10.23,0,0.4031625000000001,0.025034945710406948,1.9,24,23,0,True,False,wall,62825,15457
1123,-10.22,0,0.40294399999999997,0.024965814654327307,1.9,23,22,0,True,False,wall,62848,15463
1124,-10.47,0,0.40248800000000007,0.012860800401540473,1.9,48,47,0,True,False,wall,62896,15475
1125,-10.65,0,0.401861,0.028068598063327954,1.9,66,65,0,True,False,wall,62962,15491
1126,-10.57,0,0.40131000000000006,0.020138037680104994,1.9,58,57,0,True,False,wall,63020,15506
1127,9.179999999999978,20,0.4005025,0.028500198096957148,2.1,85,84,2,True,False,wall,63105,15527
1128,-10.25,0,0.4002555,0.0002832773122160385,2.1,26,25,0,True,False,wall,63131,15533
1129,-10.32,0,0.399942,0.0002991675493022841,2.1,33,32,0,True,False,wall,63164,15542
1130,-10.36,0,0.39959050000000007,0.03283614513929933,2,37,36,0,True,False,wall,63201,15551
1131,-10.5,0,0.39910600000000007,0.011697112404642841,2,51,50,0,True,False,wall,63252,15564
1132,-0.37999999999999723,10,0.398726,0.029654922707413787,2,40,39,1,True,False,wall,63292,15574
1133,-10.44,0,0.3982985,0.01377499714462002,2,45,44,0,True,False,wall,63337,15585
1134,-10.32,0,0.39798500000000003,0.03706814676479553,2,33,32,0,True,False,wall,63370,15593
1135,-10.23,0,0.397757,0.02480418951017782,2,24,23,0,True,False,wall,63394,15599
1136,-10.57,0,0.39720600000000006,0.01032878518065748,2,58,57,0,True,False,wall,63452,15614
1137,8.04000000000001,20,0.39531550000000004,0.03657449633435451,2.2,199,198,2,True,False,wall,63651,15663
1138,9.39999999999998,20,0.394717,0.00038123259491840145,2.4,63,62,2,True,False,wall,63714,15679
1139,-1.0799999999999894,10,0.393672,0.01601320567039823,2.5,110,109,1,True,False,wall,63824,15707
1140,-0.7299999999999933,10,0.39295950000000013,0.016724697260845762,2.6,75,74,1,True,False,wall,63899,15725
1141,-10.18,0,0.3927790000000001,0.00037165540852583944,2.6,19,18,0,True,False,wall,63918,15730
1142,-10.3,0,0.3924845,0.00034857317950809374,2.6,31,30,0,True,False,wall,63949,15738
1143,-0.4099999999999966,10,0.392076,0.02734842607407534,2.6,43,42,1,True,False,wall,63992,15749
1144,-10.93,0,0.39118300000000006,0.0196486347033541,2.6,94,93,0,True,False,wall,64086,15772
1145,-11.330000000000002,0,0.3899100000000001,0.02205564225989613,2.6,134,133,0,True,False,wall,64220,15806
1146,-0.4099999999999966,10,0.38950149999999994,0.0006188059123815037,2.7,43,42,1,True,False,wall,64263,15816
1147,9.089999999999993,20,0.3886085,0.030995945152123266,2.9,94,93,2,True,False,wall,64357,15840
1148,-11.38,0,0.3872880000000001,0.029983322257508657,2.9,139,138,0,True,False,wall,64496,15875
1149,-0.5699999999999878,10,0.3867275000000001,0.01080496789758659,3,59,58,1,True,False,wall,64555,15889
1150,-10.89,0,0.38587250000000006,0.019608317149939703,3,90,89,0,True,False,wall,64645,15912
1151,-10.530000000000001,0,0.3853595000000001,0.02305977896769316,3,54,53,0,True,False,wall,64699,15925
1152,-10.58,0,0.384799,0.0493045981565956,3,59,58,0,True,False,wall,64758,15940
1153,-10.38,0,0.38442849999999995,0.044525164886726996,3,39,38,0,True,False,wall,64797,15950
1154,-10.46,0,0.38398200000000005,0.0003514216441544704,3,47,46,0,True,False,wall,64844,15962
1155,-10.27,0,0.38371600000000006,0.0003395793527098639,3,28,27,0,True,False,wall,64872,15969
1156,-10.33,0,0.3833930000000001,0.0186542072933662,3,34,33,0,True,False,wall,64906,15977
1157,-10.290000000000001,0,0.383108,0.036951275604224065,3,30,29,0,True,False,wall,64936,15985
1158,-10.44,0,0.3826805,0.0003510014992736449,2.9,45,44,0,True,False,wall,64981,15996
1159,-10.42,0,0.38227199999999995,0.0403767141264821,2.8,43,42,0,True,False,wall,65024,16007
1160,-10.22,0,0.38205350000000005,0.0005321886797901243,2.8,23,22,0,True,False,wall,65047,16012
1161,-10.41,0,0.3816545,0.013694503670029173,2.8,42,41,0,True,False,wall,65089,16023
1162,-10.19,0,0.3814645000000001,0.00032857623009476813,2.8,20,19,0,True,False,wall,65109,16028
1163,-10.64,0,0.38084700000000005,0.0462662482241285,2.8,65,64,0,True,False,wall,65174,16044
1164,-0.259999999999998,10,0.38058099999999995,0.021874021668086892,2.9,28,27,1,True,False,wall,65202,16051
1165,-10.8,0,0.37981149999999997,0.015048673715500626,2.9,81,80,0,True,False,wall,65283,16071
1166,-10.4,0,0.37942200000000004,0.0269219640864652,2.9,41,40,0,True,False,wall,65324,16082
1167,-10.38,0,0.3790515,0.033150628855865866,2.9,39,38,0,True,False,wall,65363,16091
1168,-0.6299999999999937,10,0.37843400000000005,0.0003433531819609925,3,65,64,1,True,False,wall,65428,16108
1169,-10.27,0,0.37816799999999995,0.06323376880858891,3,28,27,0,True,False,wall,65456,16115
1170,-10.31,0,0.377864,0.03741609882672492,2.9,32,31,0,True,False,wall,65488,16123
1171,-0.21999999999999886,10,0.37763599999999997,0.0006891881009020532,2.9,24,23,1,True,False,wall,65512,16129
1172,-10.16,0,0.37747450000000005,0.10987375838158187,2.9,17,16,0,True,False,wall,65529,16133
1173,-11.260000000000002,0,0.37626800000000005,0.01423027149940026,2.9,127,126,0,True,False,wall,65656,16165
1174,9.600000000000001,20,0.3758595,0.044363331916974856,3.1,43,42,2,True,False,wall,65699,16175
1175,-10.32,0,0.37554600000000005,0.017079765394252416,3.1,33,32,0,True,False,wall,65732,16184
1176,-0.29999999999999893,10,0.3752420000000001,0.055708466104988474,3.2,32,31,1,True,False,wall,65764,16192
1177,-10.700000000000001,0,0.37456750000000005,0.06085269849213278,3.2,71,70,0,True,False,wall,65835,16209
1178,-10.32,0,0.374254,0.00046080002923392586,3.2,33,32,0,True,False,wall,65868,16218
1179,-11.350000000000001,0,0.372962,0.017644908073313727,3.2,136,135,0,True,False,wall,66004,16252
1180,-10.24,0,0.3727245,0.0003133914603192049,3.2,25,24,0,True,False,wall,66029,16258
1181,-10.22,0,0.372506,0.024631643219133064,3.2,23,22,0,True,False,wall,66052,16264
1182,-10.21,0,0.372297,0.00023612486256752163,3.2,22,21,0,True,False,wall,66074,16269
1183,9.450000000000003,20,0.371746,0.02981945735324795,3.4,58,57,2,True,False,self,66132,16284
1184,-10.17,0,0.3715750000000001,0.0005740958877140656,3.3,18,17,0,True,False,wall,66150,16288
1185,-10.42,0,0.37116650000000007,0.05396169079308906,3.1,43,42,0,True,False,wall,66193,16299
1186,-10.41,0,0.3707675,0.07420383370190393,3.1,42,41,0,True,False,wall,66235,16309
1187,-10.64,0,0.37015,0.026634115207022715,3.1,65,64,0,True,False,wall,66300,16326
1188,-10.12,0,0.37002650000000004,0.04927049086351568,3.1,13,12,0,True,False,wall,66313,16329
1189,-0.8099999999999898,10,0.36923800000000007,0.014414913894142956,3.2,83,82,1,True,False,wall,66396,16350
1190,-10.44,0,0.36881050000000004,0.04071669396415183,3.2,45,44,0,True,False,wall,66441,16361
1191,-10.19,0,0.3686205,0.0296496921160724,3.2,20,19,0,True,False,wall,66461,16366
1192,-0.5299999999999905,10,0.36809800000000004,0.031720325425599834,3.3,55,54,1,True,False,wall,66516,16380
1193,-10.55,0,0.36756600000000006,0.021394851113395168,3.3,56,55,0,True,False,wall,66572,16394
1194,9.74999999999999,20,0.36729999999999996,0.10534223617287353,3.5,28,27,2,True,False,wall,66600,16401
1195,-0.38999999999999346,10,0.36691050000000003,0.04461451534880325,3.6,41,40,1,True,False,wall,66641,16411
1196,-10.26,0,0.36665400000000004,0.04214458625730393,3.6,27,26,0,True,False,wall,66668,16418
1197,-10.25,0,0.36640700000000004,0.07334658353647683,3.5,26,25,0,True,False,wall,66694,16424
1198,-10.450000000000001,0,0.36597,0.012932979511485124,3.4,46,45,0,True,False,wall,66740,16436
1199,-10.32,0,0.36565649999999994,0.018933563151222188,3.4,33,32,0,True,False,wall,66773,16444
1200,-10.33,0,0.3653335,0.03708887461471022,3.2,34,33,0,True,False,wall,66807,16452
1201,-10.31,0,0.3650295,0.036928434114088304,3.2,32,31,0,True,False,wall,66839,16460
1202,9.709999999999987,20,0.36472550000000004,0.0003620405841502361,3.3,32,31,2,True,False,self,66871,16468
1203,-11.39,0,0.3633955000000001,0.01720479782005506,3.3,140,139,0,True,False,wall,67011,16503
1204,-10.16,0,0.36323400000000006,0.05894168217782862,3.3,17,16,0,True,False,wall,67028,16508
1205,-10.860000000000001,0,0.3624075,0.014454168801118309,3.3,87,86,0,True,False,wall,67115,16529
1206,-10.870000000000001,0,0.36157150000000005,0.040535131555357526,3.3,88,87,0,True,False,wall,67203,16551
1207,-0.4199999999999928,10,0.3611535,0.01380470478430983,3.4,44,43,1,True,False,wall,67247,16562
1208,8.909999999999982,20,0.36008950000000006,0.04776719984822973,3.5,112,111,2,True,False,wall,67359,16590
1209,-10.34,0,0.359757,0.01713217411694738,3.5,35,34,0,True,False,wall,67394,16599
1210,-0.9599999999999902,10,0.3588260000000001,0.03597898988286033,3.6,98,97,1,True,False,wall,67492,16624
1211,-0.779999999999994,10,0.358066,0.02269128421758069,3.7,80,79,1,True,False,wall,67572,16644
1212,-1.3299999999999752,10,0.35678350000000003,0.018178306463541405,3.8,135,134,1,True,False,wall,67707,16677
1213,9.339999999999979,20,0.356128,0.024808703633122303,4,69,68,2,True,False,wall,67776,16695
1214,9.299999999999958,20,0.3554345,0.025001989595087554,4.2,73,72,2,True,False,self,67849,16713
1215,-0.28999999999999737,10,0.3551400000000001,0.01891853912457009,4.3,31,30,1,True,False,wall,67880,16721
1216,-10.13,0,0.3550070000000001,0.048626647903195895,4.3,14,13,0,True,False,wall,67894,16724
1217,-10.42,0,0.35459850000000004,0.013453593390295282,4.3,43,42,0,True,False,wall,67937,16735
1218,-1.0699999999999914,10,0.35356300000000007,0.005743278374009403,4.4,109,108,1,True,False,wall,68046,16762
1219,-0.9399999999999942,10,0.35265100000000005,0.03716474941696409,4.3,96,95,1,True,False,wall,68142,16786
1220,-1.7299999999999667,10,0.3509884999999999,0.03414837307222611,4.3,175,174,1,True,False,wall,68317,16830
1221,-10.16,0,0.3508270000000001,0.0005789962015114725,4.3,17,16,0,True,False,wall,68334,16834
1222,9.719999999999985,20,0.3505325,0.05552991011427366,4.5,31,30,2,True,False,self,68365,16842
1223,-10.290000000000001,0,0.35024750000000004,0.021474372404294888,4.5,30,29,0,True,False,wall,68395,16849
1224,-10.22,0,0.35002900000000003,0.049359666256350465,4.5,23,22,0,True,False,wall,68418,16855
1225,-0.7899999999999974,10,0.34925950000000006,0.044598070133361034,4.6,81,80,1,True,False,wall,68499,16875
1226,-10.97,0,0.34832850000000004,0.029855241279583423,4.6,98,97,0,True,False,wall,68597,16900
1227,-10.44,0,0.347901,0.04101215234682472,4.4,45,44,0,True,False,wall,68642,16911
1228,-0.4799999999999951,10,0.347426,0.011782677080750896,4.5,50,49,1,True,False,wall,68692,16924
1229,-1.0399999999999885,10,0.34641900000000003,0.039881358917157814,4.6,106,105,1,True,False,wall,68798,16950
1230,-0.8599999999999977,10,0.345583,0.027090964489616454,4.7,88,87,1,True,False,wall,68886,16972
1231,-10.6,0,0.3450035,0.029766769311390818,4.7,61,60,0,True,False,wall,68947,16987
1232,-10.33,0,0.34468049999999995,0.016496234748046845,4.6,34,33,0,True,False,wall,68981,16996
1233,-10.370000000000001,0,0.3443195000000001,0.03326027134446324,4.6,38,37,0,True,False,wall,69019,17005
1234,-10.84,0,0.34351200000000004,0.04071453060367441,4.6,85,84,0,True,False,wall,69104,17027
1235,-10.19,0,0.343322,0.02968425293220207,4.6,20,19,0,True,False,wall,69124,17032
1236,-10.24,0,0.3430845,0.0004036060830306572,4.6,25,24,0,True,False,wall,69149,17038
1237,-10.22,0,0.342866,0.000359461730113253,4.4,23,22,0,True,False,wall,69172,17044
1238,-10.43,0,0.3424480000000001,0.013665288191987202,4.2,44,43,0,True,False,wall,69216,17055
1239,-10.15,0,0.34229599999999993,0.00038908467831788585,4.1,16,15,0,True,False,wall,69232,17059
1240,-10.22,0,0.34207750000000003,0.00024052250082604588,4,23,22,0,True,False,wall,69255,17064
1241,-10.16,0,0.341916,0.029390900558792055,4,17,16,0,True,False,wall,69272,17069
1242,-1.6499999999999737,10,0.34032950000000006,0.03973227944835543,4.1,167,166,1,True,False,wall,69439,17110
1243,-10.18,0,0.34014900000000003,0.0005042629753006622,4,19,18,0,True,False,wall,69458,17115
1244,-11.4,0,0.3388095,0.03384872832352163,4,141,140,0,True,False,wall,69599,17150
1245,-10.47,0,0.3383535,0.024859227419559222,4,48,47,0,True,False,wall,69647,17162
1246,-10.1,0,0.338249,0.0004700227388336013,3.9,11,10,0,True,False,wall,69658,17165
1247,-10.97,0,0.3373180000000001,0.04172059051110409,3.7,98,97,0,True,False,wall,69756,17190
1248,-10.1,0,0.33721350000000005,0.07265028201800305,3.7,11,10,0,True,False,wall,69767,17192
1249,-10.48,0,0.33674800000000005,0.07965406737863444,3.6,49,48,0,True,False,wall,69816,17205
1250,-10.530000000000001,0,0.33623500000000006,0.0341306002676272,3.6,54,53,0,True,False,wall,69870,17218
1251,-10.370000000000001,0,0.335874,0.015086391122895292,3.6,38,37,0,True,False,wall,69908,17228
1252,-0.35999999999999766,10,0.33551300000000006,0.049458470590050436,3.7,38,37,1,True,False,wall,69946,17237
1253,-10.52,0,0.33500950000000007,0.03428198961997763,3.7,53,52,0,True,False,wall,69999,17250
1254,-11.08,0,0.333974,0.016104749357119936,3.7,109,108,0,True,False,wall,70108,17278
1255,-0.4999999999999929,10,0.33348,0.011796079399153734,3.8,52,51,1,True,False,wall,70160,17291
1256,-0.18999999999999773,10,0.3332805,0.00034246646973770114,3.9,21,20,1,True,False,wall,70181,17296
1257,-10.13,0,0.33314750000000004,0.00032717858751614887,3.9,14,13,0,True,False,wall,70195,17299
1258,-10.25,0,0.33290050000000004,0.00035833032286193756,3.9,26,25,0,True,False,wall,70221,17306
1259,-10.38,0,0.33253,0.015148430044064298,3.9,39,38,0,True,False,wall,70260,17316
1260,-10.14,0,0.33238750000000006,0.049054953968152404,3.9,15,14,0,True,False,wall,70275,17319
1261,-10.13,0,0.3322545,0.03723151956364745,3.9,14,13,0,True,False,wall,70289,17323
1262,9.270000000000003,20,0.3315325,0.039035960998980476,4.1,76,75,2,True,False,wall,70365,17342
1263,-10.19,0,0.3313425000000001,0.0004929974442347884,4.1,20,19,0,True,False,wall,70385,17347
1264,-10.38,0,0.33097200000000004,0.00034990163549082355,4,39,38,0,True,False,wall,70424,17357
1265,-10.13,0,0.330839,0.049593125921091996,4,14,13,0,True,False,wall,70438,17360
1266,-10.72,0,0.3301455,0.041579328406239964,4,73,72,0,True,False,wall,70511,17378
1267,-10.75,0,0.3294235,0.054610094973069956,4,76,75,0,True,False,wall,70587,17397
1268,-0.3699999999999921,10,0.32905300000000004,0.059134435633313845,4,39,38,1,True,False,wall,70626,17407
1269,-10.82,0,0.32826450000000007,0.0006404925231999229,4,83,82,0,True,False,wall,70709,17428
1270,-10.18,0,0.32808400000000004,0.05864572347491048,4,19,18,0,True,False,wall,70728,17433
1271,-10.64,0,0.3274665000000001,0.03683341040778032,3.9,65,64,0,True,False,wall,70793,17449
1272,-0.11999999999999744,10,0.32733350000000005,0.0015379150087634723,4,14,13,1,True,False,wall,70807,17452
1273,-10.950000000000001,0,0.32642150000000003,0.025330175543786027,4,96,95,0,True,False,wall,70903,17476
1274,-10.16,0,0.32626,0.0004390408576000482,3.8,17,16,0,True,False,wall,70920,17481
1275,-10.5,0,0.3257755000000001,0.036869171338670036,3.8,51,50,0,True,False,wall,70971,17493
1276,-10.27,0,0.3255095,0.00044444252853281796,3.7,28,27,0,True,False,wall,70999,17500
1277,-10.18,0,0.325329,0.0007205525005701929,3.7,19,18,0,True,False,wall,71018,17505
1278,-10.27,0,0.3250630000000001,0.06330066716431507,3.7,28,27,0,True,False,wall,71046,17512
1279,-0.2099999999999973,10,0.3248445,0.0737567029670269,3.8,23,22,1,True,False,wall,71069,17518
1280,-11.07,0,0.3238185,0.044106254149314565,3.8,108,107,0,True,False,wall,71177,17545
1281,-10.19,0,0.3236285,0.05943728660931811,3.8,20,19,0,True,False,wall,71197,17550
1282,-11.56,0,0.3221370000000001,0.015459802430063391,3.8,157,156,0,True,False,wall,71354,17589
1283,-10.2,0,0.3219375,0.029653490841155872,3.6,21,20,0,True,False,wall,71375,17594
1284,-10.6,0,0.32135800000000003,0.046235897929364,3.6,61,60,0,True,False,wall,71436,17610
1285,-10.12,0,0.3212345000000001,0.050184848407904305,3.6,13,12,0,True,False,wall,71449,17613
1286,-10.3,0,0.32094,0.00041420879279030487,3.6,31,30,0,True,False,wall,71480,17621
1287,-10.56,0,0.32039850000000003,0.021121619563408394,3.6,57,56,0,True,False,wall,71537,17635
1288,-10.16,0,0.3202370000000001,0.03758201676100725,3.6,17,16,0,True,False,wall,71554,17639
1289,-10.530000000000001,0,0.319724,0.03195765604739011,3.5,54,53,0,True,False,wall,71608,17653
1290,-0.569999999999995,10,0.31916350000000004,0.021062140913272742,3.6,59,58,1,True,False,wall,71667,17667
1291,-10.12,0,0.31904,0.03723790963704232,3.6,13,12,0,True,False,wall,71680,17671
1292,-10.66,0,0.31840349999999995,0.018748690215943498,3.5,67,66,0,True,False,wall,71747,17687
1293,-0.75,10,0.31767200000000007,0.0444997044862248,3.6,77,76,1,True,False,wall,71824,17707
1294,8.119999999999983,20,0.3158575000000001,0.04108903212150797,3.6,191,190,2,True,False,wall,72015,17754
1295,-11.780000000000001,0,0.314157,0.016785537124896006,3.5,179,178,0,True,False,wall,72194,17799
1296,-10.19,0,0.313967,0.0003795354103203863,3.5,20,19,0,True,False,wall,72214,17804
1297,-1.789999999999976,10,0.3122475,0.0264594927012998,3.6,181,180,1,True,False,wall,72395,17849
1298,-10.450000000000001,0,0.3118105,0.061977218989341054,3.6,46,45,0,True,False,wall,72441,17861
1299,-11.48,0,0.3103950000000001,0.024272004416923516,3.6,149,148,0,True,False,wall,72590,17898
1300,-10.24,0,0.3101575000000001,0.07308839156272977,3.6,25,24,0,True,False,wall,72615,17904
1301,-0.15999999999999837,10,0.30998650000000005,0.03004420564393513,3.7,18,17,1,True,False,wall,72633,17909
1302,-10.450000000000001,0,0.30954950000000003,0.0003463935665257106,3.5,46,45,0,True,False,wall,72679,17920
1303,-10.88,0,0.3087040000000001,0.013011756055082356,3.5,89,88,0,True,False,wall,72768,17943
1304,-0.15000000000000036,10,0.30854250000000005,0.0003205277425877284,3.6,17,16,1,True,False,wall,72785,17947
1305,-10.2,0,0.30834300000000003,0.00031605757831130175,3.6,21,20,0,True,False,wall,72806,17952
1306,-0.4299999999999926,10,0.3079155,0.026920384202226574,3.7,45,44,1,True,False,wall,72851,17963
1307,-10.21,0,0.3077065,0.04887103481208518,3.6,22,21,0,True,False,wall,72873,17969
1308,-10.28,0,0.307431,0.021461234922753647,3.4,29,28,0,True,False,wall,72902,17976
1309,-10.42,0,0.3070225,0.0535505644088103,3.4,43,42,0,True,False,wall,72945,17987
1310,-11.56,0,0.305531,0.030603827054549653,3.3,157,156,0,True,False,wall,73102,18026
1311,17.24999999999973,30,0.3028805000000001,0.0214348266651671,3.5,279,278,3,True,False,self,73381,18096
1312,-0.5799999999999947,10,0.30231050000000004,0.039236697898983645,3.5,60,59,1,True,False,wall,73441,18111
1313,-10.4,0,0.301921,0.029873747960664332,3.3,41,40,0,True,False,wall,73482,18121
1314,-10.1,0,0.30181650000000004,0.00036333372311977047,3.1,11,10,0,True,False,wall,73493,18124
1315,-0.9199999999999822,10,0.3009235,0.05753905989189187,3.1,94,93,1,True,False,wall,73587,18147
1316,-10.59,0,0.30035350000000005,0.010240178848228728,3.1,60,59,0,True,False,wall,73647,18162
1317,-10.36,0,0.300002,0.02945581548847258,3.1,37,36,0,True,False,wall,73684,18172
1318,-1.5099999999999785,10,0.2985485000000001,0.035226271954965534,3.1,153,152,1,True,False,wall,73837,18210
1319,-10.32,0,0.29823500000000003,0.03711276075046044,3,33,32,0,True,False,wall,73870,18218
1320,-10.21,0,0.298026,0.024330506193412777,2.9,22,21,0,True,False,wall,73892,18224
1321,7.989999999999906,20,0.29608800000000013,0.017606567215361614,3.1,204,203,2,True,False,self,74096,18275
1322,-1.1999999999999797,10,0.2949290000000001,0.03967423790891189,3,122,121,1,True,False,wall,74218,18305
1323,-1.5600000000000005,10,0.293428,0.04086082548892591,3.1,158,157,1,True,False,wall,74376,18345
1324,-10.35,0,0.29308600000000007,0.04992716639794202,3.1,36,35,0,True,False,wall,74412,18354
1325,-10.31,0,0.292782,0.01857762618237757,3,32,31,0,True,False,wall,74444,18362
1326,-0.5899999999999999,10,0.29220250000000003,0.029380510213862485,3.1,61,60,1,True,False,wall,74505,18377
1327,-0.699999999999994,10,0.2915185,0.04142369866733336,3.2,72,71,1,True,False,wall,74577,18395
1328,-10.19,0,0.2913285,0.059313798672519624,3.1,20,19,0,True,False,wall,74597,18400
1329,-10.17,0,0.29115750000000007,0.10964522055292036,3,18,17,0,True,False,wall,74615,18404
1330,-10.2,0,0.29095800000000005,0.024917404788235824,2.9,21,20,0,True,False,wall,74636,18410
1331,-10.12,0,0.2908345,0.04923730306715394,2.9,13,12,0,True,False,wall,74649,18413
1332,9.619999999999994,20,0.29044500000000006,0.0004883771063759923,3.1,41,40,2,True,False,wall,74690,18423
1333,-0.6799999999999908,10,0.28978000000000004,0.04115418204471805,3.2,70,69,1,True,False,wall,74760,18441
1334,-0.779999999999994,10,0.28902000000000005,0.015122674354643095,3.3,80,79,1,True,False,wall,74840,18461
1335,-0.42999999999999616,10,0.28859250000000003,0.08004718145821244,3.4,45,44,1,True,False,wall,74885,18472
1336,9.259999999999991,20,0.28786100000000003,0.06235874043762267,3.6,77,76,2,True,False,self,74962,18491
1337,-0.17999999999999616,10,0.287671,0.02919585257768631,3.7,20,19,1,True,False,wall,74982,18496
1338,-10.18,0,0.2874905000000001,0.029896540142362937,3.7,19,18,0,True,False,wall,75001,18501
1339,-10.2,0,0.2872910000000001,0.03028034690069035,3.7,21,20,0,True,False,wall,75022,18506
1340,-10.25,0,0.28704399999999997,0.021338587244307355,3.7,26,25,0,True,False,wall,75048,18513
1341,-10.34,0,0.2867115,0.03715563012519851,3.7,35,34,0,True,False,wall,75083,18521
1342,-10.17,0,0.2865405000000001,0.0007133540930226445,3.6,18,17,0,True,False,wall,75101,18526
1343,-10.47,0,0.2860845000000001,0.03698155306725918,3.6,48,47,0,True,False,wall,75149,18538
1344,-10.74,0,0.28537200000000007,0.05443513566952836,3.6,75,74,0,True,False,wall,75224,18557
1345,18.879999999999995,30,0.28427,0.06114003405271997,3.9,116,115,3,True,False,self,75340,18586
1346,-0.389999999999997,10,0.2838805000000001,0.01530895145260729,4,41,40,1,True,False,wall,75381,18596
1347,-10.88,0,0.28303500000000004,0.08052317398224576,4,89,88,0,True,False,wall,75470,18618
1348,-10.56,0,0.28249350000000006,0.021400906216253394,4,57,56,0,True,False,wall,75527,18632
1349,-10.870000000000001,0,0.2816575,0.0538520308155884,4,88,87,0,True,False,wall,75615,18654
1350,-10.15,0,0.28150549999999996,0.00047817783342907205,4,16,15,0,True,False,wall,75631,18658
1351,-10.860000000000001,0,0.2806790000000001,0.02049898273650218,4,87,86,0,True,False,wall,75718,18680
1352,-10.32,0,0.28036550000000005,0.05537286549952114,3.9,33,32,0,True,False,wall,75751,18688
1353,-10.540000000000001,0,0.27984300000000006,0.03220464000644695,3.9,55,54,0,True,False,wall,75806,18702
1354,-10.56,0,0.2793015,0.04251631554091416,3.9,57,56,0,True,False,wall,75863,18716
1355,-10.3,0,0.2790070000000001,0.0005299660260789096,3.8,31,30,0,True,False,wall,75894,18724
1356,9.18999999999998,20,0.27820900000000004,0.04208672157255933,3.9,84,83,2,True,False,self,75978,18745
1357,-0.9099999999999895,10,0.2773255,0.019664281539482308,4,93,92,1,True,False,wall,76071,18768
1358,8.640000000000011,20,0.27600500000000006,0.03386787514193981,4.2,139,138,2,True,False,wall,76210,18803
1359,-10.93,0,0.275112,0.037151989016516986,4.2,94,93,0,True,False,wall,76304,18827
1360,-10.34,0,0.27477950000000007,0.0005143542985024396,4.2,35,34,0,True,False,wall,76339,18835
1361,-10.39,0,0.2743995,0.0007579153141705319,4.2,40,39,0,True,False,wall,76379,18845
1362,-10.43,0,0.2739815000000001,0.013821279145883058,4,44,43,0,True,False,wall,76423,18856
1363,-10.33,0,0.2736585,0.03299124553773759,4,34,33,0,True,False,wall,76457,18865
1364,-10.870000000000001,0,0.2728225000000001,0.060667650621987625,4,88,87,0,True,False,wall,76545,18887
1365,-10.38,0,0.272452,0.05963127074064687,4,39,38,0,True,False,wall,76584,18897
1366,-10.21,0,0.2722430000000001,0.05845989463268779,4,22,21,0,True,False,wall,76606,18902
1367,-10.74,0,0.2715305,0.03891614510365272,4,75,74,0,True,False,wall,76681,18921
1368,-10.22,0,0.271312,0.025091675682536636,3.9,23,22,0,True,False,wall,76704,18927
1369,-10.25,0,0.271065,0.02531683380463316,3.9,26,25,0,True,False,wall,76730,18933
1370,8.02999999999999,20,0.2691650000000001,0.03562190290482249,4.1,200,199,2,True,False,wall,76930,18983
1371,-10.11,0,0.26905100000000004,0.049393003418420754,4.1,12,11,0,True,False,wall,76942,18986
1372,-11.860000000000001,0,0.26727449999999997,0.028620325770424778,4,187,186,0,True,False,wall,77129,19033
1373,-1.069999999999986,10,0.2662390000000001,0.033010473618223506,4.1,109,108,1,True,False,wall,77238,19060
1374,8.98999999999996,20,0.265251,0.062404668989564434,4.3,104,103,2,True,False,self,77342,19086
1375,-10.780000000000001,0,0.2645005,0.037348333757836374,4.3,79,78,0,True,False,wall,77421,19106
1376,-0.389999999999997,10,0.2641110000000001,0.0003913493870641105,4.4,41,40,1,True,False,wall,77462,19116
1377,-0.40999999999999304,10,0.26370250000000006,0.027122830133355983,4.5,43,42,1,True,False,wall,77505,19127
1378,-1.1799999999999855,10,0.26256250000000003,0.03956946032994892,4.6,120,119,1,True,False,wall,77625,19157
1379,-10.4,0,0.262173,0.029403652349719776,4.5,41,40,0,True,False,wall,77666,19167
1380,-0.41999999999999815,10,0.26175500000000007,0.027162228763865478,4.6,44,43,1,True,False,wall,77710,19178
1381,-0.5099999999999998,10,0.26125149999999997,0.03428895670535544,4.7,53,52,1,True,False,wall,77763,19191
1382,-10.23,0,0.2610235000000001,0.049499988560758844,4.7,24,23,0,True,False,wall,77787,19197
1383,-11.530000000000001,0,0.25956049999999997,0.030370044527211204,4.7,154,153,0,True,False,wall,77941,19236
1384,-0.3000000000000007,10,0.2592565,0.07322391782872728,4.8,32,31,1,True,False,wall,77973,19244
1385,-10.22,0,0.2590380000000001,0.025053927092812955,4.8,23,22,0,True,False,wall,77996,19250
1386,-0.7399999999999878,10,0.2583160000000001,0.031157887816478155,4.9,76,75,1,True,False,wall,78072,19269
1387,-0.7099999999999902,10,0.2576225000000001,0.04115182008536067,5,73,72,1,True,False,wall,78145,19287
1388,18.579999999999973,30,0.25623550000000006,0.03278556406924812,5.3,146,145,3,True,False,self,78291,19323
1389,-2.699999999999953,10,0.25365150000000003,0.041369014238144326,5.4,272,271,1,True,False,wall,78563,19391
1390,-10.3,0,0.25335700000000005,0.018925330241472693,5.3,31,30,0,True,False,wall,78594,19399
1391,-0.2400000000000002,10,0.25311000000000006,0.02132901402572835,5.4,26,25,1,True,False,wall,78620,19406
1392,-0.7999999999999918,10,0.25233099999999997,0.06634301624508225,5.5,82,81,1,True,False,wall,78702,19426
1393,8.059999999999977,20,0.25045950000000006,0.03645105209921449,5.6,197,196,2,True,False,self,78899,19475
1394,-10.52,0,0.24995600000000007,0.03177305311172469,5.4,53,52,0,True,False,wall,78952,19489
1395,-10.64,0,0.24933850000000002,0.09208651431617909,5.4,65,64,0,True,False,wall,79017,19505
1396,-0.269999999999996,10,0.24906300000000003,0.04250978615268001,5.5,29,28,1,True,False,wall,79046,19512
1397,-10.790000000000001,0,0.24830300000000005,0.07393742086569546,5.4,80,79,0,True,False,wall,79126,19532
1398,-0.6099999999999905,10,0.2477045000000001,0.05547443540490349,5.5,63,62,1,True,False,wall,79189,19548
1399,-10.42,0,0.24729599999999996,0.040350066032260656,5.5,43,42,0,True,False,wall,79232,19559
1400,-0.27999999999999936,10,0.2470110000000001,0.04168543334318591,5.6,30,29,1,True,False,wall,79262,19566
1401,-11.110000000000001,0,0.24594700000000003,0.037169819271574464,5.5,112,111,0,True,False,wall,79374,19594
1402,-10.540000000000001,0,0.24542449999999993,0.01086498259974178,5.5,55,54,0,True,False,wall,79429,19608
1403,-10.24,0,0.24518700000000004,0.024703413039484683,5.5,25,24,0,True,False,wall,79454,19614
1404,-10.4,0,0.2447975,0.02955993536452297,5.4,41,40,0,True,False,wall,79495,19624
1405,-12.509999999999991,0,0.2424035,0.05620376724659258,5.4,252,251,0,True,False,wall,79747,19687
1406,-10.17,0,0.24223250000000007,0.029494019399862736,5.3,18,17,0,True,False,wall,79765,19692
1407,-0.47000000000000064,10,0.24176700000000007,0.06114116011182583,5.4,49,48,1,True,False,wall,79814,19704
1408,-11.290000000000001,0,0.24053199999999997,0.057894244536962076,5.4,130,129,0,True,False,wall,79944,19737
1409,-10.46,0,0.24008550000000006,0.04010267076294192,5.4,47,46,0,True,False,wall,79991,19748
1410,-10.27,0,0.23981950000000007,0.0004950182504087154,5.4,28,27,0,True,False,wall,80019,19755
1411,-10.21,0,0.23961050000000006,0.00031614425097359344,5.1,22,21,0,True,False,wall,80041,19761
1412,-10.76,0,0.23887900000000006,0.015755107516030733,5,77,76,0,True,False,wall,80118,19780
1413,-10.530000000000001,0,0.23836600000000008,0.052866123277843666,5,54,53,0,True,False,wall,80172,19794
1414,-10.780000000000001,0,0.2376155000000001,0.03882348620161218,5,79,78,0,True,False,wall,80251,19813
1415,-10.72,0,0.23692200000000008,0.04647336579785731,4.9,73,72,0,True,False,wall,80324,19832
1416,-10.21,0,0.23671300000000006,0.0005693752900697291,4.9,22,21,0,True,False,wall,80346,19837
1417,-10.14,0,0.23657050000000002,0.03701395547250286,4.9,15,14,0,True,False,wall,80361,19841
1418,-10.39,0,0.23619050000000008,0.07373446435813094,4.8,40,39,0,True,False,wall,80401,19851
1419,-10.44,0,0.23576300000000006,0.05337303505935283,4.8,45,44,0,True,False,wall,80446,19862
1420,-10.31,0,0.23545899999999997,0.0190284048585454,4.8,32,31,0,True,False,wall,80478,19870
1421,-10.58,0,0.2348985,0.05909280660756243,4.6,59,58,0,True,False,wall,80537,19885
1422,-10.19,0,0.2347085,0.05959844636963681,4.5,20,19,0,True,False,wall,80557,19890
1423,-11.850000000000001,0,0.23294150000000002,0.04810626957497215,4.4,186,185,0,True,False,wall,80743,19936
1424,-10.940000000000001,0,0.232039,0.04922699974364756,4.4,95,94,0,True,False,wall,80838,19960
1425,-11.57,0,0.23053800000000002,0.048050873909232905,4.4,158,157,0,True,False,wall,80996,20000
1426,-0.6599999999999877,10,0.22989199999999999,0.027207302617813078,4.4,68,67,1,True,False,wall,81064,20017
1427,-10.2,0,0.22969250000000008,0.030046292260522023,4.3,21,20,0,True,False,wall,81085,20022
1428,-10.24,0,0.22945499999999996,0.0005694245434521387,4.3,25,24,0,True,False,wall,81110,20028
1429,18.8199999999999,30,0.22829599999999994,0.019453354691992695,4.6,122,121,3,True,False,wall,81232,20059
1430,7.089999999999808,20,0.225503,0.036464900682976926,4.8,294,293,2,True,False,wall,81526,20132
1431,-10.1,0,0.22539849999999995,0.04891562475434815,4.8,11,10,0,True,False,wall,81537,20135
1432,-10.32,0,0.2250850000000001,0.07336684822075767,4.6,33,32,0,True,False,wall,81570,20143
1433,-0.45999999999999375,10,0.22462899999999997,0.024942757896496914,4.6,48,47,1,True,False,wall,81618,20155
1434,-0.5899999999999963,10,0.2240495,0.010045263838643828,4.6,61,60,1,True,False,wall,81679,20170
1435,-10.11,0,0.22393550000000007,0.09733356354990974,4.5,12,11,0,True,False,wall,81691,20173
1436,-12.759999999999986,0,0.22130400000000006,0.038109393096445794,4.3,277,276,0,True,False,wall,81968,20243
1437,-10.61,0,0.220715,0.04926034715608694,4.2,62,61,0,True,False,wall,82030,20258
1438,-10.65,0,0.22008800000000006,0.026203024221638983,4.2,66,65,0,True,False,wall,82096,20275
1439,-10.9,0,0.21922350000000002,0.047303604554062156,4.2,91,90,0,True,False,wall,82187,20297
1440,-1.1899999999999817,10,0.218074,0.0474852814110026,4.3,121,120,1,True,False,wall,82308,20328
1441,-10.48,0,0.21760849999999998,0.07394331987112916,4.3,49,48,0,True,False,wall,82357,20340
1442,-0.15000000000000036,10,0.21744700000000006,0.0008964429434854537,4.4,17,16,1,True,False,wall,82374,20344
1443,-10.51,0,0.21695300000000006,0.045601529644605204,4.4,52,51,0,True,False,wall,82426,20357
1444,-10.850000000000001,0,0.2161360000000001,0.04065978609618138,4.4,86,85,0,True,False,wall,82512,20379
1445,9.219999999999992,20,0.21536650000000002,0.05126575907052029,4.3,81,80,2,True,False,wall,82593,20399
1446,-10.28,0,0.21509100000000003,0.0010359481259781336,4.2,29,28,0,True,False,wall,82622,20406
1447,-1.1199999999999797,10,0.2140080000000001,0.020843308120925816,4.3,114,113,1,True,False,wall,82736,20435
1448,-10.13,0,0.21387500000000004,0.09712903782686529,4.3,14,13,0,True,False,wall,82750,20438
1449,-0.9799999999999969,10,0.21292500000000003,0.0416515968227759,4.4,100,99,1,True,False,wall,82850,20463
1450,-10.83,0,0.21212700000000007,0.049174683452639284,4.4,84,83,0,True,False,wall,82934,20484
1451,-10.9,0,0.21126250000000002,0.032971634896492345,4.4,91,90,0,True,False,wall,83025,20507
1452,9.390000000000015,20,0.21065449999999997,0.05594227830079035,4.6,64,63,2,True,False,self,83089,20523
1453,9.699999999999989,20,0.2103410000000001,0.019212673123547575,4.8,33,32,2,True,False,wall,83122,20531
1454,-10.21,0,0.2101320000000001,0.0005546332007118812,4.8,22,21,0,True,False,wall,83144,20537
1455,38.21999999999994,50,0.208384,0.035536918122291,5.3,184,183,5,True,False,self,83328,20583
1456,28.60000000000001,40,0.2070065000000001,0.04914588471163168,5.5,145,144,4,True,False,wall,83473,20619
1457,19.31999999999997,30,0.20632249999999996,0.049423080679844134,5.7,72,71,3,True,False,self,83545,20637
1458,-0.32999999999999297,10,0.20599,0.033289723732094795,5.6,35,34,1,True,False,wall,83580,20646
1459,-10.73,0,0.2052870000000001,0.04103987478204848,5.6,74,73,0,True,False,wall,83654,20664
1460,-0.39000000000000057,10,0.20489750000000007,0.015274022269295529,5.7,41,40,1,True,False,wall,83695,20674
1461,28.31000000000003,40,0.20324449999999994,0.043773695222625975,6.1,174,173,4,True,False,wall,83869,20718
1462,-10.15,0,0.2030925,0.0371912269765744,6.1,16,15,0,True,False,wall,83885,20722
1463,-0.8599999999999959,10,0.20225650000000006,0.0814513054448815,6.2,88,87,1,True,False,wall,83973,20744
1464,-10.24,0,0.20201900000000006,0.0734101483928195,6.2,25,24,0,True,False,wall,83998,20750
1465,-0.36999999999999567,10,0.20164850000000012,0.02980965609604027,6.3,39,38,1,True,False,wall,84037,20760
1466,8.929999999999907,20,0.20060349999999993,0.03837204745030721,6.5,110,109,2,True,False,self,84147,20787
1467,9.409999999999972,20,0.20001449999999998,0.07389390191929124,6.7,62,61,2,True,False,wall,84209,20803
1468,-10.64,0,0.19939700000000005,0.06450512063202041,6.7,65,64,0,True,False,wall,84274,20819
1469,-10.58,0,0.19883649999999997,0.020314683142350985,6.7,59,58,0,True,False,wall,84333,20834
1470,-10.12,0,0.19871300000000003,0.04907481907866895,6.5,13,12,0,True,False,wall,84346,20837
1471,-12.629999999999988,0,0.19620500000000007,0.04507586202420167,6.5,264,263,0,True,False,wall,84610,20903
1472,-10.56,0,0.1956635,0.04217372320064377,6.5,57,56,0,True,False,wall,84667,20917
1473,8.569999999999983,20,0.19427649999999996,0.04010845416436299,6.6,146,145,2,True,False,self,84813,20954
1474,-10.47,0,0.19382050000000006,0.025078356304826837,6.4,48,47,0,True,False,wall,84861,20966
1475,-10.13,0,0.1936875,0.0006738617084920406,6.4,14,13,0,True,False,wall,84875,20969
1476,9.129999999999939,20,0.19283250000000007,0.04530689736408101,6.5,90,89,2,True,False,self,84965,20992
1477,9.369999999999962,20,0.19220550000000003,0.055006114051138866,6.6,66,65,2,True,False,self,85031,21008
1478,9.410000000000004,20,0.19161650000000008,0.018583739503810648,6.7,62,61,2,True,False,wall,85093,21024
1479,-0.519999999999996,10,0.1911035000000001,0.05657482657429332,6.8,54,53,1,True,False,wall,85147,21037
1480,27.62000000000028,40,0.18879500000000005,0.03374928455670043,7.1,243,242,4,True,False,self,85390,21098
1481,8.389999999999883,20,0.1872370000000001,0.046865540576130495,7.2,164,163,2,True,False,self,85554,21139
1482,-0.7899999999999885,10,0.18646750000000012,0.036992923995421735,7.3,81,80,1,True,False,wall,85635,21159
1483,8.989999999999945,20,0.18547950000000002,0.056890917666560896,7.5,104,103,2,True,False,self,85739,21185
1484,-10.24,0,0.18524200000000013,0.06369052469381131,7.4,25,24,0,True,False,wall,85764,21192
1485,9.399999999999935,20,0.18464350000000007,0.06904780109180138,7.6,63,62,2,True,False,wall,85827,21207
1486,9.310000000000002,20,0.18395950000000005,0.06541289523172761,7.7,72,71,2,True,False,wall,85899,21225
1487,-1.8399999999999839,10,0.18219249999999998,0.05338059109883343,7.7,186,185,1,True,False,wall,86085,21272
1488,19.079999999999938,30,0.18128050000000007,0.0549336969822131,7.7,96,95,3,True,False,self,86181,21296
1489,-10.3,0,0.1809860000000001,0.0367207287272322,7.6,31,30,0,True,False,wall,86212,21304
1490,-0.36999999999999567,10,0.18061550000000004,0.09738665625142555,7.7,39,38,1,True,False,wall,86251,21313
1491,-0.7599999999999998,10,0.17987450000000005,0.05894283950474346,7.7,78,77,1,True,False,wall,86329,21333
1492,-10.21,0,0.17966550000000003,0.08768112547695636,7.6,22,21,0,True,False,wall,86351,21338
1493,-0.11999999999999922,10,0.17953249999999998,0.07369287702749716,7.5,14,13,1,True,False,wall,86365,21342
1494,-10.34,0,0.17920000000000003,0.06541983913888948,7.5,35,34,0,True,False,wall,86400,21351
1495,-10.32,0,0.17888649999999995,0.03686810575891286,7.5,33,32,0,True,False,wall,86433,21359
1496,9.069999999999993,20,0.17797450000000004,0.06736803482514613,7.6,96,95,2,True,False,wall,86529,21383
1497,9.490000000000002,20,0.17746150000000005,0.056675193670134134,7.8,54,53,2,True,False,self,86583,21396
1498,-10.48,0,0.17699600000000004,0.03398338685376355,7.7,49,48,0,True,False,wall,86632,21409
1499,8.859999999999971,20,0.1758845,0.06635335688619746,7.9,117,116,2,True,False,wall,86749,21438
1500,-10.58,0,0.17532400000000004,0.03953699325211346,7.8,59,58,0,True,False,wall,86808,21453
1501,-2.1099999999999604,10,0.17330049999999997,0.055540476863619535,7.9,213,212,1,True,False,wall,87021,21506
1502,19.579999999999977,30,0.17286349999999995,0.09309974436870437,8.2,46,45,3,True,False,wall,87067,21517
1503,-10.3,0,0.17256900000000008,0.01869787328178063,8.2,31,30,0,True,False,wall,87098,21525
1504,-10.790000000000001,0,0.171809,0.07306320351563045,8.2,80,79,0,True,False,wall,87178,21545
1505,18.579999999999842,30,0.17042200000000007,0.02843146161899927,8.5,146,145,3,True,False,self,87324,21582
1506,8.50999999999992,20,0.16897800000000007,0.06533000876018043,8.7,152,151,2,True,False,wall,87476,21620
1507,8.249999999999876,20,0.16728700000000007,0.06681263327283721,8.8,178,177,2,True,False,self,87654,21664
1508,-10.1,0,0.1671825,0.19525701304276785,8.8,11,10,0,True,False,wall,87665,21667
1509,-11.430000000000001,0,0.16581449999999998,0.05322840051990675,8.8,144,143,0,True,False,wall,87809,21703
1510,-12.329999999999995,0,0.1635915,0.04844026167973362,8.8,234,233,0,True,False,wall,88043,21761
1511,-0.6599999999999984,10,0.16294550000000008,0.01765674925306538,8.9,68,67,1,True,False,wall,88111,21778
1512,-10.14,0,0.16280300000000003,0.036517645363346674,8.9,15,14,0,True,False,wall,88126,21782
1513,8.650000000000016,20,0.16149200000000008,0.06711771533508519,9.1,138,137,2,True,False,wall,88264,21817
1514,-10.13,0,0.16135900000000003,0.0490413235190014,9.1,14,13,0,True,False,wall,88278,21820
1515,8.719999999999992,20,0.16011450000000005,0.03152997284125762,9.3,131,130,2,True,False,wall,88409,21853
1516,-0.4499999999999975,10,0.15966800000000003,0.07288184943899978,9.4,47,46,1,True,False,wall,88456,21865
1517,8.329999999999949,20,0.158053,0.04221108695422854,9.6,170,169,2,True,False,self,88626,21907
1518,-0.6999999999999886,10,0.1573690000000001,0.024790546293338087,9.7,72,71,1,True,False,wall,88698,21925
1519,-10.93,0,0.15647599999999995,0.048924105243107384,9.7,94,93,0,True,False,wall,88792,21949
1520,-0.6799999999999873,10,0.15581100000000003,0.01775795193252099,9.8,70,69,1,True,False,wall,88862,21966
1521,19.329999999999952,30,0.15513650000000012,0.04091888604226471,10.1,71,70,3,True,False,wall,88933,21984
1522,-1.2799999999999994,10,0.15390150000000002,0.05539011059136101,10.2,130,129,1,True,False,wall,89063,22016
1523,-10.23,0,0.15367350000000002,0.09602725385533024,10.2,24,23,0,True,False,wall,89087,22022
1524,7.939999999999927,20,0.15168800000000005,0.05853087914984603,10.4,209,208,2,True,False,wall,89296,22075
1525,9.249999999999975,20,0.15094700000000005,0.023850906618846285,10.6,78,77,2,True,False,wall,89374,22094
1526,-0.4999999999999929,10,0.15045299999999995,0.06810231383692902,10.6,52,51,1,True,False,wall,89426,22107
1527,-11.500000000000002,0,0.14901850000000005,0.06199791704803877,10.6,151,150,0,True,False,wall,89577,22145
1528,-10.44,0,0.14859100000000003,0.000888812768442387,10.6,45,44,0,True,False,wall,89622,22156
1529,27.909999999999982,40,0.14655799999999997,0.05741434001322853,10.7,214,213,4,True,False,wall,89836,22210
1530,-0.4399999999999942,10,0.14612100000000006,0.08045564319366928,10.6,46,45,1,True,False,wall,89882,22221
1531,18.869999999999937,30,0.14500950000000012,0.060788721231551004,10.9,117,116,3,True,False,wall,89999,22250
1532,7.459999999999816,20,0.14256800000000003,0.06570647260881603,11.1,257,256,2,True,False,wall,90256,22315
1533,-10.23,0,0.14234000000000002,0.049492752383230254,11,24,23,0,True,False,wall,90280,22321
1534,-10.33,0,0.14201699999999995,0.03686836369888624,10.9,34,33,0,True,False,wall,90314,22329
1535,9.729999999999979,20,0.14173199999999997,0.01891146370326169,11.1,30,29,2,True,False,wall,90344,22337
1536,-0.9099999999999877,10,0.14084850000000004,0.08970728366757216,11.2,93,92,1,True,False,wall,90437,22360
1537,-10.55,0,0.14031650000000007,0.0740522619785874,11.2,56,55,0,True,False,wall,90493,22374
1538,9.449999999999957,20,0.1397655,0.031948865935971425,11.4,58,57,2,True,False,wall,90551,22388
1539,-0.8499999999999925,10,0.13893900000000003,0.07998130391007924,11.5,87,86,1,True,False,wall,90638,22410
1540,-10.780000000000001,0,0.13818850000000005,0.04434675613301806,11.4,79,78,0,True,False,wall,90717,22430
1541,-10.44,0,0.13776100000000002,0.0006115052542141216,11.4,45,44,0,True,False,wall,90762,22441
1542,-10.48,0,0.13729550000000001,0.06143347487765519,11.3,49,48,0,True,False,wall,90811,22453
1543,-10.940000000000001,0,0.1363930000000001,0.07354525671811037,11.3,95,94,0,True,False,wall,90906,22477
1544,9.26999999999996,20,0.1356710000000001,0.03941146838846371,11.5,76,75,2,True,False,wall,90982,22496
1545,-10.16,0,0.13550950000000006,0.1841489402577281,11.3,17,16,0,True,False,wall,90999,22500
1546,-11.660000000000002,0,0.13392300000000001,0.045493069852541555,11.3,167,166,0,True,False,wall,91166,22542
1547,-0.6199999999999974,10,0.13331500000000007,0.0641180013990379,11.3,64,63,1,True,False,wall,91230,22558
1548,9.00999999999986,20,0.13234600000000007,0.07907871507072392,11.5,102,101,2,True,False,wall,91332,22584
1549,28.339999999999975,40,0.13072150000000005,0.052593806889490224,11.8,171,170,4,True,False,self,91503,22626
1550,-10.97,0,0.12979050000000003,0.03552195102674886,11.8,98,97,0,True,False,wall,91601,22651
1551,-10.25,0,0.12954350000000003,0.024628815275112476,11.8,26,25,0,True,False,wall,91627,22657
1552,-0.7399999999999896,10,0.12882150000000003,0.12303425975474774,11.7,76,75,1,True,False,wall,91703,22676
1553,6.549999999999731,20,0.1255155,0.0541203829159441,11.7,348,347,2,True,False,wall,92051,22763
1554,17.96999999999978,30,0.12354900000000013,0.05107329666162304,12,207,206,3,True,False,wall,92258,22815
1555,37.64999999999982,50,0.12125950000000008,0.05421066219908729,12,241,240,5,True,False,wall,92499,22875
1556,-0.38999999999999524,10,0.12087000000000003,0.08003036203180355,11.7,41,40,1,True,False,wall,92540,22886
1557,-10.46,0,0.12042350000000002,0.06640390064884824,11.4,47,46,0,True,False,wall,92587,22897
1558,-10.52,0,0.11992000000000003,0.08352908809735839,11.3,53,52,0,True,False,wall,92640,22911
1559,18.979999999999908,30,0.11891300000000005,0.050851857942269325,11.6,106,105,3,True,False,wall,92746,22937
1560,18.559999999999867,30,0.11750700000000003,0.03171812736655812,11.8,148,147,3,True,False,wall,92894,22974
1561,7.350000000000016,20,0.11496100000000009,0.08178086867712354,11.6,268,267,2,True,False,self,93162,23041
1562,-13.139999999999977,0,0.11196850000000003,0.05236080619860205,11.6,315,314,0,True,False,wall,93477,23120
1563,-10.6,0,0.11138900000000007,0.05888261373038404,11.5,61,60,0,True,False,wall,93538,23135
1564,7.679999999999698,20,0.1091565000000001,0.04992234072883779,11.7,235,234,2,True,False,wall,93773,23194
1565,-11.57,0,0.10765550000000002,0.06416322128736796,11.6,158,157,0,True,False,wall,93931,23233
1566,-10.32,0,0.10734200000000005,0.06490334793407884,11.4,33,32,0,True,False,wall,93964,23242
1567,16.94999999999977,30,0.10440650000000007,0.057370885119579926,11.5,309,308,3,True,False,self,94273,23319
1568,8.889999999999997,20,0.10332350000000001,0.06805015146008893,11.7,114,113,2,True,False,self,94387,23347
1569,-11.100000000000001,0,0.10226900000000005,0.06815760125859274,11.7,111,110,0,True,False,wall,94498,23375
1570,-10.4,0,0.10187950000000012,0.07410007309517823,11.7,41,40,0,True,False,wall,94539,23385
1571,-1.3199999999999896,10,0.10060650000000004,0.04756549219703576,11.8,134,133,1,True,False,wall,94673,23419
1572,27.389999999999873,40,0.0980795000000001,0.06893015816229198,12.2,266,265,4,True,False,wall,94939,23485
1573,-0.9099999999999895,10,0.09719599999999995,0.04333738814117775,12.1,93,92,1,True,False,wall,95032,23509
1574,37.5600000000001,50,0.09482100000000004,0.062046683426277956,12.6,250,249,5,True,False,wall,95282,23571
1575,-10.26,0,0.09456450000000005,0.12459233440625082,12.6,27,26,0,True,False,wall,95309,23578
1576,5.4100000000000765,20,0.09017550000000008,0.05627350871952291,12.6,462,461,2,True,False,self,95771,23693
1577,9.409999999999958,20,0.08958650000000001,0.036812817543250276,12.6,62,61,2,True,False,wall,95833,23709
1578,-1.8299999999999699,10,0.08782900000000005,0.06367256866613626,12.5,185,184,1,True,False,wall,96018,23755
1579,17.939999999999873,30,0.08583399999999997,0.06644839559624605,12.7,210,209,3,True,False,self,96228,23808
1580,-10.25,0,0.08558700000000008,0.12148566339358997,12.3,26,25,0,True,False,wall,96254,23814
1581,-0.41999999999999993,10,0.08516900000000005,0.10591173696395179,12.2,44,43,1,True,False,wall,96298,23825
1582,19.349999999999962,30,0.08451350000000002,0.05209494028445881,12.4,69,68,3,True,False,wall,96367,23842
1583,8.94999999999996,20,0.08348750000000005,0.07545448280224162,12.4,108,107,2,True,False,wall,96475,23869
1584,18.57999999999992,30,0.08210050000000002,0.04763718115124927,12.7,146,145,3,True,False,wall,96621,23906
1585,9.609999999999982,20,0.0817015000000001,0.015159864805173128,12.7,42,41,2,True,False,wall,96663,23916
1586,-10.370000000000001,0,0.08134050000000004,0.029610371610033326,12.5,38,37,0,True,False,wall,96701,23926
1587,-0.399999999999995,10,0.0809415,0.01510179596953094,12.5,42,41,1,True,False,wall,96743,23936
1588,7.310000000000006,20,0.07835750000000008,0.05845267274622422,12.4,272,271,2,True,False,wall,97015,24004
1589,28.29000000000007,40,0.07668549999999996,0.09343697080542122,12.8,176,175,4,True,False,self,97191,24048
1590,-1.2999999999999883,10,0.07543149999999998,0.07972424816530706,12.8,132,131,1,True,False,wall,97323,24081
1591,8.989999999999934,20,0.0744435000000001,0.0847522018078822,12.9,104,103,2,True,False,wall,97427,24107
1592,-0.21999999999999886,10,0.0742155000000001,0.025179947668220848,13,24,23,1,True,False,wall,97451,24113
1593,8.639999999999972,20,0.07289500000000004,0.07591710116248578,13.1,139,138,2,True,False,wall,97590,24148
1594,-10.42,0,0.07248650000000001,0.04049040562875399,13.1,43,42,0,True,False,wall,97633,24159
1595,-0.5199999999999907,10,0.07197350000000002,0.07834622407188782,13.2,54,53,1,True,False,wall,97687,24172
1596,54.8799999999987,70,0.06703350000000008,0.08232692416931968,13.7,520,519,7,True,False,wall,98207,24302
1597,-10.96,0,0.06611200000000006,0.047272506516892465,13.5,97,96,0,True,False,wall,98304,24327
1598,9.289999999999988,20,0.06540900000000005,0.03302048870763327,13.7,74,73,2,True,False,self,98378,24345
1599,8.899999999999924,20,0.0643355000000001,0.05744645658394022,13.7,113,112,2,True,False,self,98491,24373
1600,44.570000000000306,60,0.059110500000000066,0.06489096423636352,14.3,550,549,6,True,False,self,99041,24511
1601,18.1899999999999,30,0.05735299999999999,0.07042807386207404,14.5,185,184,3,True,False,wall,99226,24557
1602,47.80000000000014,60,0.05519649999999998,0.06197629812869995,14.8,227,226,6,True,False,self,99453,24614
1603,-10.43,0,0.05477850000000006,0.027182771898382765,14.8,44,43,0,True,False,wall,99497,24625
1604,-10.82,0,0.05398999999999998,0.07726136494394657,14.8,83,82,0,True,False,wall,99580,24646
1605,27.74000000000003,40,0.051795499999999994,0.07741397810107294,14.9,231,230,4,True,False,wall,99811,24703
1606,28.800000000000033,40,0.050607999999999986,0.08230581809220894,15.1,125,124,4,True,False,self,99936,24735
1607,18.739999999999878,30,0.050000000000000044,0.07379489620143431,15.2,130,129,3,True,False,wall,100066,24767
1608,47.77000000000017,60,0.050000000000000044,0.05616420339481857,15.8,230,229,6,True,False,self,100296,24825
1609,46.77000000000032,60,0.050000000000000044,0.0554252803963098,16.4,330,329,6,True,False,self,100626,24907
1610,27.44999999999996,40,0.050000000000000044,0.08112764764093579,16.8,260,259,4,True,False,wall,100886,24972
1611,8.350000000000005,20,0.050000000000000044,0.10450983865995936,16.9,168,167,2,True,False,wall,101054,25014
1612,-10.34,0,0.050000000000000044,0.1614275734173134,16.9,35,34,0,True,False,wall,101089,25023
1613,-10.2,0,0.050000000000000044,0.08755818114150316,16.7,21,20,0,True,False,wall,101110,25028
1614,-0.4099999999999948,10,0.050000000000000044,0.08004505328558893,16.8,43,42,1,True,False,wall,101153,25039
1615,-0.23999999999999844,10,0.050000000000000044,0.024853309490329895,16.7,26,25,1,True,False,wall,101179,25045
1616,-0.6999999999999957,10,0.050000000000000044,0.11398866990607025,16.7,72,71,1,True,False,wall,101251,25063
1617,-10.72,0,0.050000000000000044,0.031755186850205064,16.5,73,72,0,True,False,wall,101324,25082
1618,-0.8499999999999908,10,0.050000000000000044,0.06322631382222642,16.5,87,86,1,True,False,wall,101411,25103
1619,9.379999999999967,20,0.050000000000000044,0.060527311305871564,16.7,65,64,2,True,False,self,101476,25120
1620,-0.579999999999993,10,0.050000000000000044,0.05844754067948088,16.7,60,59,1,True,False,wall,101536,25135
1621,17.849999999999856,30,0.050000000000000044,0.07330832912595253,16.7,219,218,3,True,False,self,101755,25189
1622,58.40000000000009,70,0.050000000000000044,0.07666636920475867,17.3,168,167,7,True,False,wall,101923,25231
1623,-10.55,0,0.050000000000000044,0.08315281396166288,17.3,56,55,0,True,False,wall,101979,25245
1624,55.919999999999874,70,0.050000000000000044,0.07747234055680635,17.8,416,415,7,True,False,wall,102395,25349
1625,-10.67,0,0.050000000000000044,0.06055275526116876,17.6,68,67,0,True,False,wall,102463,25366
1626,17.060000000000024,30,0.050000000000000044,0.10352659404200192,17.8,298,297,3,True,False,wall,102761,25441
1627,-10.65,0,0.050000000000000044,0.055327960530121345,17.8,66,65,0,True,False,wall,102827,25457
1628,6.199999999999452,20,0.050000000000000044,0.0827403435917707,18,383,382,2,True,False,self,103210,25553
1629,-3.9999999999999587,0,0.050000000000000044,0.08078782144963043,17.6,400,400,0,False,True,no_food_limit,103610,25653
1630,-10.13,0,0.050000000000000044,0.18147885295911692,17.5,14,13,0,True,False,wall,103624,25657
1631,-12.939999999999982,0,0.050000000000000044,0.09016286020329835,17.2,295,294,0,True,False,wall,103919,25730
1632,-11.89,0,0.050000000000000044,0.12222301390162708,17,190,189,0,True,False,wall,104109,25778
1633,-10.31,0,0.050000000000000044,0.07328227504331153,17,32,31,0,True,False,wall,104141,25786
1634,28.100000000000144,40,0.050000000000000044,0.06344662934342134,17.4,195,194,4,True,False,self,104336,25835
1635,5.259999999999744,20,0.050000000000000044,0.08115408120421544,17.4,477,476,2,True,False,wall,104813,25954
1636,-10.11,0,0.050000000000000044,0.1447254588128999,17.3,12,11,0,True,False,wall,104825,25957
1637,-10.370000000000001,0,0.050000000000000044,0.14555109046503073,17.3,38,37,0,True,False,wall,104863,25966
1638,-10.25,0,0.050000000000000044,0.1448421409420137,17.1,26,25,0,True,False,wall,104889,25973
1639,-11.860000000000001,0,0.050000000000000044,0.08105578549587703,17,187,186,0,True,False,wall,105076,26020
1640,-2.6899999999999853,10,0.050000000000000044,0.09401690729619212,17.1,271,270,1,True,False,wall,105347,26087
1641,-10.12,0,0.050000000000000044,0.037797644530655816,17.1,13,12,0,True,False,wall,105360,26091
1642,-12.289999999999996,0,0.050000000000000044,0.08200449241006649,17.1,230,229,0,True,False,wall,105590,26148
1643,7.5200000000000315,20,0.050000000000000044,0.07864135629423553,17.3,251,250,2,True,False,wall,105841,26211
1644,-11.57,0,0.050000000000000044,0.08254152826833515,17.1,158,157,0,True,False,wall,105999,26250
1645,-10.43,0,0.050000000000000044,0.08163284517782317,17.1,44,43,0,True,False,wall,106043,26261
1646,-11.010000000000002,0,0.050000000000000044,0.0847227128173332,17.1,102,101,0,True,False,wall,106145,26287
1647,-11.870000000000001,0,0.050000000000000044,0.1053721396707028,17,188,187,0,True,False,wall,106333,26334
1648,-12.99999999999998,0,0.050000000000000044,0.10297584478432933,16.8,301,300,0,True,False,wall,106634,26409
1649,8.759999999999973,20,0.050000000000000044,0.08165714159622439,16.6,127,126,2,True,False,wall,106761,26441
1650,17.489999999999988,30,0.050000000000000044,0.10938178973174217,16.9,255,254,3,True,False,wall,107016,26505
1651,27.78999999999992,40,0.050000000000000044,0.07603743558242318,17.3,226,225,4,True,False,self,107242,26561
1652,65.0899999999999,80,0.050000000000000044,0.10282610797230154,18,500,499,8,True,False,wall,107742,26686
1653,46.59000000000032,60,0.050000000000000044,0.08382247825254868,18.4,348,347,6,True,False,self,108090,26773
1654,48.29000000000003,60,0.050000000000000044,0.09137734525009161,18.7,178,177,6,True,False,wall,108268,26818
1655,-10.22,0,0.050000000000000044,0.2023234304273501,18.2,23,22,0,True,False,wall,108291,26823
1656,38.65999999999995,50,0.050000000000000044,0.09584425007591822,18.6,140,139,5,True,False,wall,108431,26858
1657,28.480000000000082,40,0.050000000000000044,0.0690727472290746,19,157,156,4,True,False,self,108588,26898
1658,86.80999999999943,100,0.050000000000000044,0.08342594980821581,20,330,329,10,True,False,self,108918,26980
1659,-0.31999999999999673,10,0.050000000000000044,0.09750847042434746,19.8,34,33,1,True,False,wall,108952,26989
1660,-1.3199999999999914,10,0.050000000000000044,0.08849439512634875,19.6,134,133,1,True,False,wall,109086,27022
1661,18.74999999999985,30,0.050000000000000044,0.09601323313654575,19.7,129,128,3,True,False,wall,109215,27054
1662,48.27000000000012,60,0.050000000000000044,0.1008427382602046,20.3,180,179,6,True,False,self,109395,27099
1663,-0.8799999999999883,10,0.050000000000000044,0.07097263132606674,20.4,90,89,1,True,False,wall,109485,27122
1664,46.970000000000205,60,0.050000000000000044,0.08534136486947294,20.8,310,309,6,True,False,wall,109795,27199
1665,9.840000000000003,20,0.050000000000000044,0.08600060213357211,21,19,18,2,True,False,wall,109814,27204
1666,29.069999999999965,40,0.050000000000000044,0.12179984353948385,21.4,98,97,4,True,False,wall,109912,27229
1667,48.430000000000035,60,0.050000000000000044,0.08925858533958246,21.7,164,163,6,True,False,wall,110076,27270
1668,9.089999999999947,20,0.050000000000000044,0.12053677506754985,21.7,94,93,2,True,False,wall,110170,27293
1669,9.46999999999996,20,0.050000000000000044,0.11627492788414072,21.9,56,55,2,True,False,wall,110226,27307
1670,-11.07,0,0.050000000000000044,0.0934745323482073,21.9,108,107,0,True,False,wall,110334,27334
1671,66.79999999999978,80,0.050000000000000044,0.07637975218268565,22.6,329,328,8,True,False,self,110663,27416
1672,9.519999999999964,20,0.050000000000000044,0.11393550756530693,22.4,51,50,2,True,False,self,110714,27429
1673,77.19999999999936,90,0.050000000000000044,0.08412263596714283,23.2,290,289,9,True,False,self,111004,27502
1674,38.779999999999966,50,0.050000000000000044,0.07729597051911696,23.2,128,127,5,True,False,self,111132,27534
1675,8.91999999999992,20,0.050000000000000044,0.11248921038781258,23.4,111,110,2,True,False,wall,111243,27561
1676,8.539999999999932,20,0.050000000000000044,0.06923659434113161,23.4,149,148,2,True,False,wall,111392,27599
1677,37.76999999999999,50,0.050000000000000044,0.11470163723233302,23.7,229,228,5,True,False,self,111621,27656
1678,65.71999999999919,80,0.050000000000000044,0.10106706057211658,24.4,437,436,8,True,False,wall,112058,27765
1679,47.99000000000027,60,0.050000000000000044,0.08752033414874369,24.7,208,207,6,True,False,wall,112266,27817
1680,18.789999999999885,30,0.050000000000000044,0.08892874621913859,25,125,124,3,True,False,wall,112391,27848
1681,19.009999999999934,30,0.050000000000000044,0.09997223684779154,25.2,103,102,3,True,False,wall,112494,27874
1682,67.58999999999992,80,0.050000000000000044,0.10189717531292922,25.7,250,249,8,True,False,self,112744,27937
1683,7.479999999999723,20,0.050000000000000044,0.09991586843915727,25.7,255,254,2,True,False,wall,112999,28000
1684,47.59999999999999,60,0.050000000000000044,0.09653524090179182,26,247,246,6,True,False,self,113246,28062
1685,-0.5299999999999958,10,0.050000000000000044,0.11657585377439059,25.9,55,54,1,True,False,wall,113301,28076
1686,38.78999999999993,50,0.050000000000000044,0.10901646605816495,26.4,127,126,5,True,False,self,113428,28108
1687,18.999999999999982,30,0.050000000000000044,0.07332348510121497,26.6,104,103,3,True,False,self,113532,28134
1688,19.229999999999926,30,0.050000000000000044,0.1078458266420057,26.7,81,80,3,True,False,wall,113613,28154
1689,145.12999999999965,160,0.050000000000000044,0.1232254242183574,27.9,504,503,16,True,False,self,114117,28280
1690,29.219999999999935,40,0.050000000000000044,0.12436663411513325,28.2,83,82,4,True,False,wall,114200,28301
1691,87.0599999999996,100,0.050000000000000044,0.10370313497735065,29,305,304,10,True,False,self,114505,28377
1692,77.94999999999966,90,0.050000000000000044,0.11057732386635272,29.8,215,214,9,True,False,wall,114720,28431
1693,156.25999999999956,170,0.050000000000000044,0.11408970374388297,31.3,392,391,17,True,False,self,115112,28529
1694,-10.52,0,0.050000000000000044,0.0899215447358214,31.3,53,52,0,True,False,wall,115165,28542
1695,48.250000000000014,60,0.050000000000000044,0.12235035251101686,31.8,182,181,6,True,False,wall,115347,28587
1696,27.779999999999944,40,0.050000000000000044,0.12928941677602238,31.5,227,226,4,True,False,self,115574,28644
1697,27.95999999999981,40,0.050000000000000044,0.1338639560921225,31.9,209,208,4,True,False,wall,115783,28696
1698,9.320000000000007,20,0.050000000000000044,0.1759469629355913,31.9,71,70,2,True,False,self,115854,28714
1699,8.339999999999907,20,0.050000000000000044,0.1420614633298967,31.9,169,168,2,True,False,self,116023,28756
1700,-1.7799999999999763,10,0.050000000000000044,0.12993488444998447,31.4,180,179,1,True,False,wall,116203,28801
1701,68.40999999999988,80,0.050000000000000044,0.06610509920782144,31.9,168,167,8,True,False,self,116371,28843
1702,37.939999999999955,50,0.050000000000000044,0.12318334907056096,31.8,212,211,5,True,False,self,116583,28896
1703,47.910000000000146,60,0.050000000000000044,0.11309778335918155,32.4,216,215,6,True,False,wall,116799,28950
1704,-10.19,0,0.050000000000000044,0.20145581200486049,32.4,20,19,0,True,False,wall,116819,28955
1705,9.099999999999973,20,0.050000000000000044,0.11564204183135492,32.2,93,92,2,True,False,wall,116912,28979
1706,-1.209999999999976,10,0.050000000000000044,0.14404411875487616,31.9,123,122,1,True,False,wall,117035,29009
1707,27.729999999999997,40,0.050000000000000044,0.12156750546800422,32,232,231,4,True,False,self,117267,29067
1708,9.239999999999995,20,0.050000000000000044,0.08025597345258575,31.6,79,78,2,True,False,wall,117346,29087
1709,67.12999999999958,80,0.050000000000000044,0.12257920597157618,31.8,296,295,8,True,False,self,117642,29161
1710,-10.11,0,0.050000000000000044,0.14572722057346255,31.4,12,11,0,True,False,wall,117654,29164
1711,37.95000000000022,50,0.050000000000000044,0.120407475592384,31.7,211,210,5,True,False,self,117865,29217
1712,8.909999999999965,20,0.050000000000000044,0.10893698527070228,31.9,112,111,2,True,False,wall,117977,29245
1713,47.57000000000013,60,0.050000000000000044,0.1443513937335792,32.5,250,249,6,True,False,self,118227,29307
1714,104.98999999999924,120,0.050000000000000044,0.1193471707578734,33.6,514,513,12,True,False,wall,118741,29436
1715,9.459999999999965,20,0.050000000000000044,0.16454584933983693,33.7,57,56,2,True,False,self,118798,29450
1716,-0.26999999999999424,10,0.050000000000000044,0.08205492970799762,33.7,29,28,1,True,False,wall,118827,29457
1717,85.75999999999993,100,0.050000000000000044,0.10591598694189239,34.7,435,434,10,True,False,wall,119262,29566
1718,29.259999999999977,40,0.050000000000000044,0.10162639177870006,35,79,78,4,True,False,wall,119341,29586
1719,8.890000000000004,20,0.050000000000000044,0.13982550595704066,35,114,113,2,True,False,wall,119455,29614
1720,29.129999999999967,40,0.050000000000000044,0.12514906175657298,35.3,92,91,4,True,False,self,119547,29637
1721,38.61999999999997,50,0.050000000000000044,0.11590852112082455,35.5,144,143,5,True,False,self,119691,29673
1722,28.43999999999984,40,0.050000000000000044,0.0981820005577103,35.2,161,160,4,True,False,self,119852,29714
1723,18.889999999999898,30,0.050000000000000044,0.15842912012262136,35.5,115,114,3,True,False,wall,119967,29742
1724,78.0499999999999,90,0.050000000000000044,0.10608399850696934,35.7,205,204,9,True,False,wall,120172,29794
1725,9.569999999999986,20,0.050000000000000044,0.16976535597562112,35.9,46,45,2,True,False,wall,120218,29805
1726,9.32999999999996,20,0.050000000000000044,0.11260611314274785,35.8,70,69,2,True,False,wall,120288,29823
1727,28.40000000000002,40,0.050000000000000044,0.10551235151602091,36.2,165,164,4,True,False,wall,120453,29864
1728,8.319999999999897,20,0.050000000000000044,0.13349538127388155,36.2,171,170,2,True,False,wall,120624,29907
1729,8.999999999999968,20,0.050000000000000044,0.1461090346169658,36.4,103,102,2,True,False,wall,120727,29932
1730,38.620000000000026,50,0.050000000000000044,0.10069023160839505,36.9,144,143,5,True,False,self,120871,29968
1731,68.19,80,0.050000000000000044,0.12602551546054505,37.7,190,189,8,True,False,self,121061,30016
1732,19.269999999999985,30,0.050000000000000044,0.10673307999662172,38,77,76,3,True,False,self,121138,30035
1733,58.41000000000008,70,0.050000000000000044,0.1611522908510995,38.7,167,166,7,True,False,self,121305,30077
1734,68.5699999999999,80,0.050000000000000044,0.15453352473100254,39.1,152,151,8,True,False,self,121457,30115
1735,96.72999999999936,110,0.050000000000000044,0.13522845433257957,40,339,338,11,True,False,self,121796,30200
1736,58.290000000000134,70,0.050000000000000044,0.1280074695797256,40.7,179,178,7,True,False,self,121975,30244
1737,58.58000000000001,70,0.050000000000000044,0.128515657285645,41.4,150,149,7,True,False,wall,122125,30282
1738,77.4199999999995,90,0.050000000000000044,0.1397654498343481,42.3,268,267,9,True,False,self,122393,30349
1739,19.449999999999932,30,0.050000000000000044,0.14303640103122842,42.6,59,58,3,True,False,self,122452,30364
1740,86.82999999999949,100,0.050000000000000044,0.16141833390092206,43.5,328,327,10,True,False,self,122780,30446
1741,78.1099999999996,90,0.050000000000000044,0.15289312496078106,44.4,199,198,9,True,False,self,122979,30495
1742,-0.7899999999999867,10,0.050000000000000044,0.1764755120356789,44.5,81,80,1,True,False,wall,123060,30516
1743,19.319999999999954,30,0.050000000000000044,0.21312967034625924,44.6,72,71,3,True,False,self,123132,30534
1744,-0.129999999999999,10,0.050000000000000044,0.09579146040293078,44.7,15,14,1,True,False,wall,123147,30537
1745,57.8299999999999,70,0.050000000000000044,0.14630371286827876,45.4,225,224,7,True,False,self,123372,30594
1746,19.43999999999997,30,0.050000000000000044,0.18109080084444334,45.7,60,59,3,True,False,wall,123432,30609
1747,9.209999999999955,20,0.050000000000000044,0.16596215589670466,45.9,82,81,2,True,False,self,123514,30629
1748,9.399999999999963,20,0.050000000000000044,0.15082712446746882,46.1,63,62,2,True,False,wall,123577,30645
1749,68.3199999999999,80,0.050000000000000044,0.14021204761758616,46.7,177,176,8,True,False,self,123754,30689
1750,9.33999999999994,20,0.050000000000000044,0.14483062783256173,46.6,69,68,2,True,False,wall,123823,30706
1751,49.160000000000025,60,0.050000000000000044,0.14315968477065957,46.8,91,90,6,True,False,self,123914,30729
1752,78.30999999999982,90,0.050000000000000044,0.17196280794839064,46.9,179,178,9,True,False,self,124093,30774
1753,68.08999999999999,80,0.050000000000000044,0.15482362604001537,47.1,200,199,8,True,False,wall,124293,30824
1754,134.35000000000113,150,0.050000000000000044,0.15410449376594726,48,581,580,15,True,False,self,124874,30969
1755,38.95000000000002,50,0.050000000000000044,0.15984112778927997,48.5,111,110,5,True,False,self,124985,30997
1756,77.48999999999957,90,0.050000000000000044,0.12302681158225123,48.9,261,260,9,True,False,wall,125246,31062
1757,57.49000000000005,70,0.050000000000000044,0.14583105246822994,49.2,259,258,7,True,False,self,125505,31127
1758,48.15999999999995,60,0.050000000000000044,0.19459710662583043,48.8,191,190,6,True,False,self,125696,31175
1759,47.97000000000017,60,0.050000000000000044,0.19505949122965552,49.3,210,209,6,True,False,wall,125906,31227
1760,-10.14,0,0.050000000000000044,0.4302542544901371,49.2,15,14,0,True,False,wall,125921,31231
1761,107.51999999999948,120,0.050000000000000044,0.15040525938563334,50.1,261,260,12,True,False,self,126182,31296
1762,8.71999999999995,20,0.050000000000000044,0.17213738678996873,49.7,131,130,2,True,False,self,126313,31329
1763,18.519999999999925,30,0.050000000000000044,0.1311208155392179,49.9,152,151,3,True,False,wall,126465,31367
1764,38.04000000000009,50,0.050000000000000044,0.15756579506443813,49.8,202,201,5,True,False,self,126667,31417
1765,46.42000000000024,60,0.050000000000000044,0.16004115196182797,50.2,365,364,6,True,False,wall,127032,31509
1766,19.26999999999994,30,0.050000000000000044,0.15953214556027792,50.1,77,76,3,True,False,wall,127109,31528
1767,29.30000000000004,40,0.050000000000000044,0.15856135737052873,49.9,75,74,4,True,False,self,127184,31547
1768,58.31999999999992,70,0.050000000000000044,0.1783932716379323,50.4,176,175,7,True,False,wall,127360,31591
1769,-0.8999999999999879,10,0.050000000000000044,0.20004895760718247,50.3,92,91,1,True,False,wall,127452,31614
1770,28.99999999999998,40,0.050000000000000044,0.1710207113960328,50.7,105,104,4,True,False,wall,127557,31640
1771,9.369999999999951,20,0.050000000000000044,0.14214015533798374,50.1,66,65,2,True,False,wall,127623,31656
1772,96.60999999999966,110,0.050000000000000044,0.15547818669107405,51,351,350,11,True,False,self,127974,31744
1773,9.220000000000013,20,0.050000000000000044,0.19174498905777,50.3,81,80,2,True,False,self,128055,31764
1774,38.95000000000007,50,0.050000000000000044,0.1319545203337579,50.3,111,110,5,True,False,wall,128166,31792
1775,9.449999999999957,20,0.050000000000000044,0.11483259554952382,50.3,58,57,2,True,False,wall,128224,31807
1776,18.48999999999979,30,0.050000000000000044,0.18594606699556798,50.4,155,154,3,True,False,wall,128379,31845
1777,28.989999999999974,40,0.050000000000000044,0.17456759605556726,50.3,106,105,4,True,False,self,128485,31872
1778,8.990000000000002,20,0.050000000000000044,0.19140554125904322,49.7,104,103,2,True,False,wall,128589,31898
1779,28.449999999999996,40,0.050000000000000044,0.16959145439032,49.5,160,159,4,True,False,wall,128749,31938
1780,-0.2799999999999958,10,0.050000000000000044,0.20420142216607928,49.3,30,29,1,True,False,wall,128779,31945
1781,8.240000000000013,20,0.050000000000000044,0.1450239476851291,49.2,179,178,2,True,False,wall,128958,31990
1782,-0.15999999999999837,10,0.050000000000000044,0.2515741971321404,48.5,18,17,1,True,False,wall,128976,31995
1783,67.20999999999977,80,0.050000000000000044,0.15904856477896423,49.1,288,287,8,True,False,wall,129264,32067
1784,58.14999999999985,70,0.050000000000000044,0.1744460700744336,49.2,193,192,7,True,False,wall,129457,32115
1785,37.49000000000015,50,0.050000000000000044,0.17470717430842342,49.6,257,256,5,True,False,self,129714,32179
1786,-10.3,0,0.050000000000000044,0.24756972552859224,49.1,31,30,0,True,False,wall,129745,32187
1787,58.81999999999975,70,0.050000000000000044,0.18310929668856965,49.5,126,125,7,True,False,self,129871,32218
1788,-0.7599999999999945,10,0.050000000000000044,0.20548499774886295,49.3,78,77,1,True,False,wall,129949,32238
1789,28.740000000000073,40,0.050000000000000044,0.16778804191783298,48.1,131,130,4,True,False,self,130080,32271
1790,8.829999999999838,20,0.050000000000000044,0.16980218081347023,47.9,120,119,2,True,False,wall,130200,32301
1791,68.44999999999982,80,0.050000000000000044,0.20729747005715604,47.7,164,163,8,True,False,wall,130364,32342
1792,29.319999999999936,40,0.050000000000000044,0.15864125853921804,47.2,73,72,4,True,False,self,130437,32360
1793,117.0399999999993,130,0.050000000000000044,0.17029824918256953,46.8,310,309,13,True,False,self,130747,32437
1794,19.10999999999994,30,0.050000000000000044,0.22545727600421137,47.1,93,92,3,True,False,wall,130840,32461
1795,67.64999999999989,80,0.050000000000000044,0.17531630699522793,47.3,244,243,8,True,False,self,131084,32522
1796,77.92999999999991,90,0.050000000000000044,0.18437695782200467,47.8,217,216,9,True,False,self,131301,32576
1797,77.08999999999978,90,0.050000000000000044,0.19546582840848714,48.3,301,300,9,True,False,self,131602,32651
1798,19.539999999999974,30,0.050000000000000044,0.15536737472463685,48.4,50,49,3,True,False,self,131652,32664
1799,48.52000000000011,60,0.050000000000000044,0.20452798271894848,48.8,155,154,6,True,False,self,131807,32702
1800,29.31999999999998,40,0.050000000000000044,0.21567473241961316,49.1,73,72,4,True,False,wall,131880,32721
1801,86.7899999999994,100,0.050000000000000044,0.1672315252524049,49.3,332,331,10,True,False,wall,132212,32804
1802,38.86000000000009,50,0.050000000000000044,0.2079535150124381,49.3,120,119,5,True,False,wall,132332,32834
1803,47.860000000000106,60,0.050000000000000044,0.1824049632297829,49.3,221,220,6,True,False,self,132553,32889
1804,-0.29999999999999716,10,0.050000000000000044,0.21589767065597698,49.4,32,31,1,True,False,wall,132585,32897
1805,29.219999999999956,40,0.050000000000000044,0.16468847164928557,49.6,83,82,4,True,False,wall,132668,32918
1806,66.46999999999963,80,0.050000000000000044,0.19113045751712182,50.3,362,361,8,True,False,self,133030,33008
1807,-10.950000000000001,0,0.050000000000000044,0.2555069947557058,49.9,96,95,0,True,False,wall,133126,33032
1808,18.929999999999904,30,0.050000000000000044,0.224363550759985,50,111,110,3,True,False,self,133237,33060
1809,75.78999999999935,90,0.050000000000000044,0.1965848182121085,50.1,431,430,9,True,False,self,133668,33168
1810,28.749999999999936,40,0.050000000000000044,0.19081208729039645,50.5,130,129,4,True,False,self,133798,33200
1811,48.79,60,0.050000000000000044,0.2391603955293249,50.6,128,127,6,True,False,wall,133926,33232
1812,66.60999999999999,80,0.050000000000000044,0.18420808044016018,51.2,348,347,8,True,False,self,134274,33319
1813,48.819999999999986,60,0.050000000000000044,0.1897347174930356,51.2,125,124,6,True,False,self,134399,33350
1814,48.56000000000004,60,0.050000000000000044,0.20100585279961755,50.6,151,150,6,True,False,self,134550,33388
1815,97.13999999999926,110,0.050000000000000044,0.16864972757951666,51.5,298,297,11,True,False,self,134848,33463
1816,48.57000000000009,60,0.050000000000000044,0.23621683928335235,52,150,149,6,True,False,wall,134998,33500
1817,117.00999999999952,130,0.050000000000000044,0.1984070582458606,52.3,313,312,13,True,False,self,135311,33578
1818,19.229999999999983,30,0.050000000000000044,0.21004806302620896,52.2,81,80,3,True,False,self,135392,33599
1819,38.990000000000016,50,0.050000000000000044,0.11850655814990975,52.5,107,106,5,True,False,wall,135499,33625
1820,29.049999999999947,40,0.050000000000000044,0.16823917821049691,52.5,100,99,4,True,False,self,135599,33650
1821,58.609999999999886,70,0.050000000000000044,0.22689718522156613,52.7,147,146,7,True,False,self,135746,33687
1822,107.28999999999914,120,0.050000000000000044,0.17215682859663708,53.5,284,283,12,True,False,self,136030,33758
1823,68.33999999999978,80,0.050000000000000044,0.18553513526091014,54,175,174,8,True,False,self,136205,33802
1824,9.519999999999953,20,0.050000000000000044,0.20478293829812452,53.3,51,50,2,True,False,wall,136256,33815
1825,87.65999999999964,100,0.050000000000000044,0.2543846025574403,54.1,245,244,10,True,False,self,136501,33876
1826,87.78999999999964,100,0.050000000000000044,0.18959832793615503,54.9,232,231,10,True,False,self,136733,33934
1827,9.509999999999973,20,0.050000000000000044,0.18431875021913305,54.7,52,51,2,True,False,wall,136785,33947
1828,47.920000000000186,60,0.050000000000000044,0.18190102805211036,55.1,215,214,6,True,False,self,137000,34001
1829,37.150000000000254,50,0.050000000000000044,0.2345695101248566,55.4,291,290,5,True,False,self,137291,34073
1830,165.42999999999947,180,0.050000000000000044,0.20477362264714696,56.7,476,475,18,True,False,self,137767,34192
1831,87.86999999999964,100,0.050000000000000044,0.2083998016356158,56.9,224,223,10,True,False,self,137991,34248
1832,193.5300000000016,210,0.050000000000000044,0.22677675536501088,58.7,669,668,21,True,False,self,138660,34416
1833,68.2599999999997,80,0.050000000000000044,0.2137695425034811,58.8,183,182,8,True,False,self,138843,34461
1834,-0.5899999999999928,10,0.050000000000000044,0.2610195189481601,58.1,61,60,1,True,False,wall,138904,34477
1835,126.50999999999945,140,0.050000000000000044,0.1867890681375514,58.4,364,363,14,True,False,self,139268,34568
1836,58.679999999999936,70,0.050000000000000044,0.20334568193980626,58.4,140,139,7,True,False,self,139408,34603
1837,67.88,80,0.050000000000000044,0.22622588426721366,58.5,221,220,8,True,False,self,139629,34658
1838,68.76999999999985,80,0.050000000000000044,0.18632558699358592,58.4,132,131,8,True,False,self,139761,34691
1839,29.399999999999963,40,0.050000000000000044,0.16889096600061748,58.5,65,64,4,True,False,wall,139826,34707
1840,97.73999999999975,110,0.050000000000000044,0.2010126850528953,58.6,238,237,11,True,False,wall,140064,34767
1841,263.6600000000023,280,0.050000000000000044,0.21999073421695467,60.5,663,662,28,True,False,self,140727,34932
1842,9.789999999999996,20,0.050000000000000044,0.16406785463914275,60.6,24,23,2,True,False,wall,140751,34938
1843,116.91999999999939,130,0.050000000000000044,0.1918063240562692,61.6,322,321,13,True,False,self,141073,35019
1844,156.83999999999997,170,0.050000000000000044,0.21514671203029534,63.2,334,333,17,True,False,wall,141407,35102
1845,88.22999999999965,100,0.050000000000000044,0.2383418813684678,63.5,188,187,10,True,False,wall,141595,35149
1846,117.15999999999978,130,0.050000000000000044,0.23237834516912698,64.5,298,297,13,True,False,self,141893,35224
1847,166.77999999999986,180,0.050000000000000044,0.2528030067791834,66.1,341,340,18,True,False,wall,142234,35309
1848,108.3199999999997,120,0.050000000000000044,0.23153125011465617,67.1,181,180,12,True,False,self,142415,35354
1849,29.049999999999955,40,0.050000000000000044,0.23627552738413216,66.7,100,99,4,True,False,wall,142515,35379
1850,97.42999999999942,110,0.050000000000000044,0.2456031241796582,67.6,269,268,11,True,False,wall,142784,35447
1851,117.5099999999995,130,0.050000000000000044,0.23536199340954997,68.3,263,262,13,True,False,self,143047,35512
1852,97.36999999999968,110,0.050000000000000044,0.23342182620199045,68.5,275,274,11,True,False,self,143322,35581
1853,107.69999999999949,120,0.050000000000000044,0.26489985038022523,68.9,243,242,12,True,False,self,143565,35642
1854,-0.5399999999999956,10,0.050000000000000044,0.15033676591701806,67.5,56,55,1,True,False,wall,143621,35656
1855,-0.45999999999999197,10,0.050000000000000044,0.19281729396122196,67.1,48,47,1,True,False,wall,143669,35668
1856,48.510000000000076,60,0.050000000000000044,0.2185467617610135,66.8,156,155,6,True,False,self,143825,35707
1857,156.1799999999998,170,0.050000000000000044,0.24017041359562427,67.8,400,399,17,True,False,self,144225,35807
1858,126.12999999999977,140,0.050000000000000044,0.2384866083273664,68.6,402,401,14,True,False,wall,144627,35907
1859,19.249999999999947,30,0.050000000000000044,0.2614574540173635,68.3,79,78,3,True,False,wall,144706,35927
1860,38.15000000000023,50,0.050000000000000044,0.29788855206182535,68.8,191,190,5,True,False,wall,144897,35975
1861,96.97999999999922,110,0.050000000000000044,0.22805244138894173,68.7,314,313,11,True,False,self,145211,36053
1862,88.14999999999975,100,0.050000000000000044,0.22109142885714464,69.5,196,195,10,True,False,self,145407,36102
1863,-0.23999999999999844,10,0.050000000000000044,0.3040595041321857,69.3,26,25,1,True,False,wall,145433,36109
1864,9.229999999999944,20,0.050000000000000044,0.25624226122163235,69,80,79,2,True,False,wall,145513,36129
1865,38.790000000000106,50,0.050000000000000044,0.24921454324794468,68.9,127,126,5,True,False,self,145640,36161
1866,38.75000000000004,50,0.050000000000000044,0.3166797587327892,69.1,131,130,5,True,False,wall,145771,36193
1867,68.42999999999992,80,0.050000000000000044,0.2752990243579483,69.5,166,165,8,True,False,self,145937,36235
1868,204.85000000000213,220,0.050000000000000044,0.2709861432111808,71,538,537,22,True,False,self,146475,36369
1869,137.02000000000015,150,0.050000000000000044,0.2643641896628409,72.4,314,313,15,True,False,self,146789,36448
1870,78.60999999999977,90,0.050000000000000044,0.27029471150976986,72.9,149,148,9,True,False,wall,146938,36485
1871,49.01000000000004,60,0.050000000000000044,0.27843414143555695,73.3,106,105,6,True,False,wall,147044,36512
1872,88.24999999999974,100,0.050000000000000044,0.22430827140646137,73.2,186,185,10,True,False,self,147230,36558
1873,49.030000000000086,60,0.050000000000000044,0.23027247690165845,73.6,104,103,6,True,False,wall,147334,36584
1874,-10.15,0,0.050000000000000044,0.4270581305027008,73.1,16,15,0,True,False,wall,147350,36588
1875,107.6499999999994,120,0.050000000000000044,0.2808819101868017,74.1,248,247,12,True,False,self,147598,36650
1876,166.51999999999995,180,0.050000000000000044,0.2468093454422753,75.6,367,366,18,True,False,self,147965,36742
1877,226.1100000000007,240,0.050000000000000044,0.2431921241104205,77.6,414,413,24,True,False,self,148379,36845
1878,19.599999999999987,30,0.050000000000000044,0.3159979983571578,77.7,44,43,3,True,False,wall,148423,36856
1879,78.92999999999991,90,0.050000000000000044,0.2944970950794717,78.2,117,116,9,True,False,wall,148540,36886
1880,29.669999999999973,40,0.050000000000000044,0.25369762763794923,78.5,38,37,4,True,False,wall,148578,36895
1881,48.8800000000001,60,0.050000000000000044,0.2538223119142155,78.9,119,118,6,True,False,wall,148697,36925
1882,98.10999999999957,110,0.050000000000000044,0.25627896571531894,79.9,201,200,11,True,False,self,148898,36975
1883,39.20999999999999,50,0.050000000000000044,0.1762597318295212,79.6,85,84,5,True,False,wall,148983,36996
1884,19.70999999999998,30,0.050000000000000044,0.21235188195067975,79.2,33,32,3,True,False,wall,149016,37005
1885,127.85999999999967,140,0.050000000000000044,0.2527697021305038,80.1,229,228,14,True,False,self,149245,37062
1886,58.399999999999906,70,0.050000000000000044,0.28327028387935743,80.8,168,167,7,True,False,wall,149413,37104
1887,127.34999999999985,140,0.050000000000000044,0.27443595503989077,81.5,280,279,14,True,False,self,149693,37174
1888,108.40999999999968,120,0.050000000000000044,0.25226372536704983,82.6,172,171,12,True,False,self,149865,37217
1889,29.1,40,0.050000000000000044,0.2700403959606774,82.6,95,94,4,True,False,self,149960,37241
1890,48.79000000000006,60,0.050000000000000044,0.2683261307684006,83,128,127,6,True,False,wall,150088,37273
1891,48.300000000000196,60,0.050000000000000044,0.273266188705086,82.8,177,176,6,True,False,self,150265,37317
1892,-10.15,0,0.050000000000000044,0.17388865631073713,82.4,16,15,0,True,False,wall,150281,37321
1893,68.30999999999987,80,0.050000000000000044,0.2558158875379542,81.9,178,177,8,True,False,self,150459,37365
1894,39.309999999999995,50,0.050000000000000044,0.291347843937968,82.1,75,74,5,True,False,self,150534,37384
1895,137.25999999999962,150,0.050000000000000044,0.27197077972431705,82.8,290,289,15,True,False,wall,150824,37457
1896,195.8900000000003,210,0.050000000000000044,0.2793213430602379,84,433,432,21,True,False,self,151257,37565
1897,39.24000000000001,50,0.050000000000000044,0.2988187216222286,83.6,82,81,5,True,False,wall,151339,37585
1898,117.18999999999937,130,0.050000000000000044,0.2503784525434713,84.6,295,294,13,True,False,self,151634,37659
1899,39.17999999999997,50,0.050000000000000044,0.3057974051599475,84.5,88,87,5,True,False,wall,151722,37681
1900,304.8800000000025,320,0.050000000000000044,0.27865385458982717,87.3,545,544,32,True,False,self,152267,37817
1901,167.44000000000057,180,0.050000000000000044,0.28905656796785584,88.1,275,274,18,True,False,self,152542,37886
1902,157.39000000000027,170,0.050000000000000044,0.2675246303235846,89.3,279,278,17,True,False,wall,152821,37956
1903,88.58999999999975,100,0.050000000000000044,0.29532895604834747,89.7,152,151,10,True,False,wall,152973,37994
1904,78.56999999999988,90,0.050000000000000044,0.2872275130480136,90.5,153,152,9,True,False,self,153126,38032
1905,107.59999999999933,120,0.050000000000000044,0.30892502163935986,91.3,253,252,12,True,False,wall,153379,38095
1906,128.04999999999987,140,0.050000000000000044,0.3123765835046487,91.9,210,209,14,True,False,self,153589,38148
1907,38.64000000000005,50,0.050000000000000044,0.31626030418223566,92.4,142,141,5,True,False,self,153731,38183
1908,28.89000000000007,40,0.050000000000000044,0.3247736093812975,92.5,116,115,4,True,False,self,153847,38212
1909,19.459999999999976,30,0.050000000000000044,0.24908001093814772,91.9,58,57,3,True,False,self,153905,38227
1910,175.51000000000084,190,0.050000000000000044,0.3005335937357611,93.4,469,468,19,True,False,wall,154374,38344
1911,29.180000000000028,40,0.050000000000000044,0.32177523148923437,93.2,87,86,4,True,False,wall,154461,38366
1912,9.529999999999976,20,0.050000000000000044,0.2695180222702523,92.6,50,49,2,True,False,wall,154511,38378
1913,78.18999999999949,90,0.050000000000000044,0.31700278155039996,92.9,191,190,9,True,False,self,154702,38426
1914,98.2999999999997,110,0.050000000000000044,0.2813749647213389,93.4,182,181,11,True,False,self,154884,38472
1915,78.46999999999967,90,0.050000000000000044,0.2719845989020541,93.2,163,162,9,True,False,self,155047,38512
1916,108.3599999999997,120,0.050000000000000044,0.301982627922876,93.8,177,176,12,True,False,self,155224,38557
1917,78.07999999999997,90,0.050000000000000044,0.28532053858973083,93.4,202,201,9,True,False,self,155426,38607
1918,68.75999999999982,80,0.050000000000000044,0.2847035223843925,93.9,133,132,8,True,False,self,155559,38640
1919,78.65999999999991,90,0.050000000000000044,0.2662890368244714,94.3,144,143,9,True,False,wall,155703,38676
1920,126.40999999999957,140,0.050000000000000044,0.3057038152758825,95.3,374,373,14,True,False,self,156077,38770
1921,137.3799999999997,150,0.050000000000000044,0.3229646331468678,96.1,278,277,15,True,False,self,156355,38839
1922,19.439999999999955,30,0.050000000000000044,0.29294013834247984,95.2,60,59,3,True,False,self,156415,38854
1923,127.73999999999961,140,0.050000000000000044,0.33043702047501433,95.8,241,240,14,True,False,self,156656,38915
1924,78.53999999999988,90,0.050000000000000044,0.27591457191663676,96.5,156,155,9,True,False,self,156812,38954
1925,216.40000000000083,230,0.050000000000000044,0.3126246890800151,97.8,384,383,23,True,False,self,157196,39050
1926,69.22999999999992,80,0.050000000000000044,0.305672145825589,97.6,86,85,8,True,False,self,157282,39071
1927,49.17000000000006,60,0.050000000000000044,0.34355126167445077,98,90,89,6,True,False,self,157372,39094
1928,97.77999999999946,110,0.050000000000000044,0.3189654455937702,98.5,234,233,11,True,False,self,157606,39152
1929,266.5300000000017,280,0.050000000000000044,0.34235897057372683,100.8,376,375,28,True,False,self,157982,39246
1930,265.1400000000019,280,0.050000000000000044,0.31163319573528314,101.8,515,514,28,True,False,self,158497,39375
1931,68.34999999999981,80,0.050000000000000044,0.3295687686781897,101.6,174,173,8,True,False,self,158671,39418
1932,79.07999999999998,90,0.050000000000000044,0.3147547209026435,100.4,102,101,9,True,False,wall,158773,39444
1933,128.1499999999998,140,0.050000000000000044,0.3940018423460424,101,200,199,14,True,False,self,158973,39494
1934,58.419999999999874,70,0.050000000000000044,0.3056892744242782,101.6,166,165,7,True,False,wall,159139,39535
1935,49.22000000000007,60,0.050000000000000044,0.2964071982370859,100.8,85,84,6,True,False,self,159224,39557
1936,97.87999999999951,110,0.050000000000000044,0.30709954478412066,101.2,224,223,11,True,False,self,159448,39613
1937,28.899999999999885,40,0.050000000000000044,0.3304567212970661,100.8,115,114,4,True,False,self,159563,39641
1938,37.94000000000008,50,0.050000000000000044,0.30907770410566676,100.5,212,211,5,True,False,wall,159775,39694
1939,137.11999999999966,150,0.050000000000000044,0.33388939376087173,101.6,304,303,15,True,False,self,160079,39770
1940,88.22999999999979,100,0.050000000000000044,0.30236740719447747,101.5,188,187,10,True,False,self,160267,39817
1941,78.39999999999971,90,0.050000000000000044,0.34532265458256006,99.6,170,169,9,True,False,self,160437,39860
1942,49.04999999999995,60,0.050000000000000044,0.2998174127563834,100,102,101,6,True,False,self,160539,39885
1943,147.14999999999964,160,0.050000000000000044,0.32980404972515415,100.3,302,301,16,True,False,self,160841,39961
1944,79.01999999999977,90,0.050000000000000044,0.314591734704596,99.5,108,107,9,True,False,self,160949,39988
1945,48.960000000000036,60,0.050000000000000044,0.40788764183941695,99.1,111,110,6,True,False,wall,161060,40016
1946,39.42999999999999,50,0.050000000000000044,0.29514087873200573,98.3,63,62,5,True,False,self,161123,40031
1947,49.08000000000007,60,0.050000000000000044,0.312810517847538,97.1,99,98,6,True,False,self,161222,40056
1948,138.0099999999999,150,0.050000000000000044,0.2823808672234278,97.4,215,214,15,True,False,wall,161437,40110
1949,285.3400000000021,300,0.050000000000000044,0.34375324704864574,100,497,496,30,True,False,self,161934,40234
1950,256.8600000000013,270,0.050000000000000044,0.35242755533477593,101.6,342,341,27,True,False,self,162276,40320
1951,58.95000000000006,70,0.050000000000000044,0.3686716194331114,101,113,112,7,True,False,wall,162389,40348
1952,78.22999999999986,90,0.050000000000000044,0.36131937631425703,100.8,187,186,9,True,False,wall,162576,40395
1953,29.25999999999994,40,0.050000000000000044,0.42038923933317784,100,79,78,4,True,False,wall,162655,40414
1954,59.04999999999994,70,0.050000000000000044,0.3577371280497083,100.6,103,102,7,True,False,wall,162758,40440
1955,39.18000000000002,50,0.050000000000000044,0.41785005492750893,101,88,87,5,True,False,self,162846,40462
1956,78.8099999999997,90,0.050000000000000044,0.33037626155419275,101.3,129,128,9,True,False,wall,162975,40494
1957,78.83999999999988,90,0.050000000000000044,0.2972505701764021,100.5,126,125,9,True,False,wall,163101,40526
1958,98.60999999999963,110,0.050000000000000044,0.3407209004324518,100.2,151,150,11,True,False,self,163252,40564
1959,19.579999999999963,30,0.050000000000000044,0.30597045814449136,100.2,46,45,3,True,False,wall,163298,40575
1960,59.19999999999999,70,0.050000000000000044,0.3981419524431906,100.4,88,87,7,True,False,wall,163386,40597
1961,77.98999999999948,90,0.050000000000000044,0.35720916078338083,100.2,211,210,9,True,False,self,163597,40650
1962,127.54999999999939,140,0.050000000000000044,0.3368298440455244,100.6,260,259,14,True,False,self,163857,40715
1963,98.71999999999964,110,0.050000000000000044,0.32397796394569534,101.6,140,139,11,True,False,self,163997,40750
1964,216.320000000001,230,0.050000000000000044,0.3181507839745253,103.7,392,391,23,True,False,self,164389,40848
1965,-0.17999999999999972,10,0.050000000000000044,0.32376288138329984,103.3,20,19,1,True,False,wall,164409,40853
1966,68.73999999999994,80,0.050000000000000044,0.3213273588951458,103.6,135,134,8,True,False,wall,164544,40887
1967,217.08000000000118,230,0.050000000000000044,0.3587850210421919,105.1,316,315,23,True,False,self,164860,40966
1968,19.169999999999956,30,0.050000000000000044,0.3779853405430913,103.2,87,86,3,True,False,wall,164947,40987
1969,176.87000000000057,190,0.050000000000000044,0.3057914088768441,103.6,333,332,19,True,False,self,165280,41071
1970,29.349999999999994,40,0.050000000000000044,0.353481646408053,103.1,70,69,4,True,False,wall,165350,41088
1971,187.21000000000092,200,0.050000000000000044,0.3634322171285749,104.5,300,299,20,True,False,self,165650,41163
1972,39.35000000000001,50,0.050000000000000044,0.3186294127048718,104,71,70,5,True,False,wall,165721,41181
1973,78.8599999999998,90,0.050000000000000044,0.33394083472329283,104.3,124,123,9,True,False,wall,165845,41212
1974,49.39000000000003,60,0.050000000000000044,0.37959833793780384,104.9,68,67,6,True,False,wall,165913,41229
1975,128.38999999999987,140,0.050000000000000044,0.31573634719560767,105.1,176,175,14,True,False,self,166089,41273
1976,216.2600000000008,230,0.050000000000000044,0.3135706875096969,105.6,398,397,23,True,False,wall,166487,41372
1977,186.58999999999992,200,0.050000000000000044,0.3771845624157852,105.2,362,361,20,True,False,self,166849,41463
1978,68.49999999999987,80,0.050000000000000044,0.3597181408666074,105.7,159,158,8,True,False,wall,167008,41503
1979,19.609999999999992,30,0.050000000000000044,0.3327930361032486,105.1,43,42,3,True,False,self,167051,41513
1980,138.08999999999992,150,0.050000000000000044,0.32642670579326266,106.2,207,206,15,True,False,self,167258,41565
1981,9.579999999999991,20,0.050000000000000044,0.3714705509218303,105.8,45,44,2,True,False,wall,167303,41576
1982,148.01,160,0.050000000000000044,0.3158561601648452,106.3,216,215,16,True,False,self,167519,41630
1983,78.7999999999998,90,0.050000000000000044,0.3846526549508174,106.7,130,129,9,True,False,wall,167649,41663
1984,19.48999999999996,30,0.050000000000000044,0.3167660423953618,106.7,55,54,3,True,False,self,167704,41677
1985,167.27000000000015,180,0.050000000000000044,0.3430066584953911,107.1,292,291,18,True,False,wall,167996,41750
1986,68.95999999999995,80,0.050000000000000044,0.3377424936542021,107.2,113,112,8,True,False,self,168109,41778
1987,68.57999999999984,80,0.050000000000000044,0.42394569815185507,106.6,151,150,8,True,False,wall,168260,41816
1988,58.88999999999996,70,0.050000000000000044,0.3668753204160723,106.1,119,118,7,True,False,wall,168379,41845
1989,39.019999999999996,50,0.050000000000000044,0.37745504969587695,106.2,104,103,5,True,False,wall,168483,41871
1990,48.920000000000094,60,0.050000000000000044,0.32637343343732683,106.2,115,114,6,True,False,wall,168598,41900
1991,265.7800000000012,280,0.050000000000000044,0.38477960680158135,108.4,451,450,28,True,False,self,169049,42013
1992,127.98999999999987,140,0.050000000000000044,0.37662232313650074,109.8,216,215,14,True,False,wall,169265,42067
1993,88.81999999999982,100,0.050000000000000044,0.3456559887272306,110,129,128,10,True,False,self,169394,42099
1994,-0.15000000000000036,10,0.050000000000000044,0.4921465590596199,109.6,17,16,1,True,False,wall,169411,42103
1995,98.56999999999981,110,0.050000000000000044,0.31499633021079576,109.2,155,154,11,True,False,self,169566,42142
1996,38.899999999999984,50,0.050000000000000044,0.4065262275137778,107.6,116,115,5,True,False,wall,169682,42171
1997,49.19999999999999,60,0.050000000000000044,0.30427293382077053,107.7,87,86,6,True,False,self,169769,42193
1998,176.72000000000008,190,0.050000000000000044,0.3769910280731903,108.3,348,347,19,True,False,self,170117,42280
1999,197.09000000000054,210,0.050000000000000044,0.395542534139867,109.9,313,312,21,True,False,self,170430,42358
2000,147.64999999999986,160,0.050000000000000044,0.36636423924198697,108.3,252,251,16,True,False,self,170682,42421
